{
  "id" : "821dac52-d02b-4b21-87d7-de02777e0cc1",
  "name" : "http server",
  "description" : "http server",
  "connection_config" : null,
  "endpoint_type_id" : "fdfb0a1b-7b1e-46c8-ae26-b883f3c1c8bb",
  "enabled" : true,
  "bean_name" : "HTTPSServer-87873d5a-0f57-4880-ab24-7ca2fbcef349",
  "status" : {
    "type" : "jsonb",
    "value" : "{\"112c1cb8-4b9e-4d1a-a042-0bd031dc7d05\": true, \"81e359da-9454-40ba-b968-1273a3b8e37b\": true, \"bdf2e4f5-a195-40b5-a82a-1d76ab30e077\": true}",
    "null" : false
  },
  "auth_token_config" : {
    "type" : "jsonb",
    "value" : "{}",
    "null" : false
  },
  "avatar_id" : null,
  "tag" : "EMPTY",
  "active" : true,
  "is_changed" : false,
  "comment" : null,
  "is_error" : false,
  "base_tag" : "V11"
}