{
  "component_config_id" : "44b2f9e3-78f0-4f14-9167-5fd4ad05f845",
  "endpoint_config_json" : null,
  "input_config_json" : {
    "type" : "jsonb",
    "value" : "{\"expression\": \"%{/company-profile2Output/response/name}% != null \"}",
    "null" : false
  },
  "output_config_json" : null,
  "component_id" : "506cb924-5f12-4aee-8567-9f51db3679ae",
  "service_id" : "d406e4c2-296f-4c5c-8261-2117678cbdef",
  "endpoint_id" : null,
  "parent_component_config_id" : "e7aac5b4-9fe0-4a0d-bc04-6f58c5707334",
  "component_config_order" : 1.0,
  "action_id" : null,
  "name" : null,
  "description" : null,
  "override_endpoint" : false,
  "input_structure_json" : {
    "type" : "jsonb",
    "value" : "{\"fields\": [{\"id\": \"3d9f75d3-7130-4b17-ad37-91b80952cddb\", \"path\": \"%{/company-profile2Output/response/name}%\", \"field\": \"/company-profile2Output/response/name\", \"value\": null, \"isGroup\": false, \"children\": null, \"operator\": \"!= null\", \"operation\": \"&&\", \"isTreeChecked\": false, \"dataElementType\": \"string\"}]}",
    "null" : false
  },
  "output_structure_json" : null,
  "endpoint_structure_json" : null,
  "is_error" : false,
  "no_of_errors" : null,
  "action_input_type" : null,
  "config_service_id" : null,
  "config_imap_id" : null,
  "config_b2b_document_type_id" : null,
  "config_document_id" : null,
  "add_variables" : null,
  "drop_variables" : null,
  "plug_input_structure" : null,
  "plug_output_structure" : null,
  "config_plug_id" : null,
  "override_plug" : false,
  "config_java_service_id" : null,
  "service_tag" : "EMPTY",
  "endpoint_tag" : null,
  "config_service_tag" : null,
  "config_imap_tag" : null,
  "config_b2b_document_type_tag" : null,
  "active" : true,
  "parent_component_config_service_tag" : "EMPTY",
  "service_project_id" : "d15a3eea-56b1-4b22-8e37-6a178b5611d5",
  "service_project_tag" : "EMPTY",
  "config_service_project_id" : null,
  "config_service_project_tag" : null,
  "config_imap_project_id" : null,
  "config_imap_project_tag" : null,
  "config_b2b_document_type_project_id" : null,
  "config_b2b_document_type_project_tag" : null,
  "endpoint_project_id" : null,
  "endpoint_project_tag" : null,
  "config_plug_tag" : null,
  "config_plug_project_id" : null,
  "config_plug_project_tag" : null,
  "config_java_service_tag" : null,
  "config_java_service_project_id" : null,
  "config_java_service_project_tag" : null,
  "disabled" : false,
  "config" : null,
  "config_b2b_document_type_project_mode_id" : "112c1cb8-4b9e-4d1a-a042-0bd031dc7d05",
  "config_imap_project_mode_id" : "112c1cb8-4b9e-4d1a-a042-0bd031dc7d05",
  "config_java_service_project_mode_id" : "112c1cb8-4b9e-4d1a-a042-0bd031dc7d05",
  "config_plug_project_mode_id" : "112c1cb8-4b9e-4d1a-a042-0bd031dc7d05",
  "config_service_project_mode_id" : "112c1cb8-4b9e-4d1a-a042-0bd031dc7d05",
  "endpoint_project_mode_id" : "112c1cb8-4b9e-4d1a-a042-0bd031dc7d05",
  "service_project_mode_id" : "112c1cb8-4b9e-4d1a-a042-0bd031dc7d05",
  "parent_component_config_service_project_mode_id" : "112c1cb8-4b9e-4d1a-a042-0bd031dc7d05",
  "is_audit" : true,
  "keys_with_order" : null
}