{
  "component_config_id" : "e96c1fdd-5a19-4bb5-b6d8-3f8b9b5d0a27",
  "endpoint_config_json" : null,
  "input_config_json" : null,
  "output_config_json" : null,
  "component_id" : "16b1a61f-f379-4811-be9d-0d91c39547d3",
  "service_id" : "4282986d-b910-45f7-9843-6a6c12b79229",
  "endpoint_id" : null,
  "parent_component_config_id" : null,
  "component_config_order" : 1.0,
  "action_id" : "09d57e63-9b50-4771-98e2-8fc07cb8bcd5",
  "name" : null,
  "description" : null,
  "override_endpoint" : false,
  "input_structure_json" : null,
  "output_structure_json" : null,
  "endpoint_structure_json" : null,
  "is_error" : false,
  "no_of_errors" : null,
  "action_input_type" : null,
  "config_service_id" : null,
  "config_imap_id" : null,
  "config_b2b_document_type_id" : null,
  "config_document_id" : null,
  "add_variables" : null,
  "drop_variables" : null,
  "plug_input_structure" : null,
  "plug_output_structure" : {
    "type" : "jsonb",
    "value" : "[{\"key\": \"/get-watchlistAPIServerRequest\", \"type\": \"object\", \"order\": 1.0, \"title\": \"get-watchlistAPIServerRequest\", \"value\": {\"type\": \"object\"}, \"children\": [{\"id\": \"e96c1fdd-5a19-4bb5-b6d8-3f8b9b5d0a27\", \"key\": \"/get-watchlistAPIServerRequest/pathParams\", \"order\": 0.0, \"title\": \"pathParams\", \"value\": {\"type\": \"object\"}, \"isLeaf\": false, \"children\": [], \"entityType\": \"componentConfig\", \"childrenSet\": false, \"hasChildren\": true, \"dataElementType\": \"document\", \"encryption_required\": false}, {\"id\": \"e96c1fdd-5a19-4bb5-b6d8-3f8b9b5d0a27\", \"key\": \"/get-watchlistAPIServerRequest/queryParams\", \"order\": 1.0, \"title\": \"queryParams\", \"value\": {\"type\": \"object\"}, \"isLeaf\": false, \"children\": [{\"id\": \"e96c1fdd-5a19-4bb5-b6d8-3f8b9b5d0a27\", \"key\": \"/get-watchlistAPIServerRequest/queryParams/symbols\", \"title\": \"symbols\", \"value\": {\"type\": \"string\", \"requiredFlag\": true}, \"isLeaf\": true, \"entityType\": \"componentConfig\", \"childrenSet\": false, \"hasChildren\": false, \"dataElementType\": \"string\", \"encryption_required\": false}], \"entityType\": \"componentConfig\", \"childrenSet\": false, \"hasChildren\": true, \"dataElementType\": \"document\", \"encryption_required\": false}, {\"id\": \"e96c1fdd-5a19-4bb5-b6d8-3f8b9b5d0a27\", \"key\": \"/get-watchlistAPIServerRequest/headers\", \"order\": 2.0, \"title\": \"headers\", \"value\": {\"type\": \"object\"}, \"isLeaf\": false, \"children\": [], \"entityType\": \"componentConfig\", \"childrenSet\": false, \"hasChildren\": true, \"dataElementType\": \"document\", \"encryption_required\": false}], \"entityType\": \"componentConfig\", \"childrenSet\": false, \"hasChildren\": false, \"dataElementType\": \"document\", \"encryption_required\": false}, {\"key\": \"/get-watchlistAPIServerResponse\", \"type\": \"object\", \"order\": 1.0, \"title\": \"get-watchlistAPIServerResponse\", \"value\": {\"type\": \"object\"}, \"children\": [{\"key\": \"/get-watchlistAPIServerResponse/200\", \"type\": \"object\", \"order\": 1.0, \"title\": \"200\", \"value\": {\"type\": \"object\"}, \"children\": [{\"id\": \"e96c1fdd-5a19-4bb5-b6d8-3f8b9b5d0a27\", \"key\": \"/get-watchlistAPIServerResponse/200/Watchlist[]\", \"type\": \"array\", \"order\": 1.0, \"title\": \"Watchlist\", \"value\": {\"type\": \"array\", \"requiredFlag\": false}, \"isLeaf\": false, \"children\": [{\"id\": \"e96c1fdd-5a19-4bb5-b6d8-3f8b9b5d0a27\", \"key\": \"/get-watchlistAPIServerResponse/200/Watchlist[]/ChangePercent\", \"type\": \"number\", \"order\": 2.0, \"title\": \"ChangePercent\", \"value\": {\"type\": \"number\", \"requiredFlag\": false}, \"isLeaf\": true, \"entityType\": \"componentConfig\", \"childrenSet\": false, \"hasChildren\": false, \"dataElementType\": \"number\", \"encryption_required\": false}, {\"id\": \"e96c1fdd-5a19-4bb5-b6d8-3f8b9b5d0a27\", \"key\": \"/get-watchlistAPIServerResponse/200/Watchlist[]/Price\", \"type\": \"number\", \"order\": 3.0, \"title\": \"Price\", \"value\": {\"type\": \"number\", \"requiredFlag\": false}, \"isLeaf\": true, \"entityType\": \"componentConfig\", \"childrenSet\": false, \"hasChildren\": false, \"dataElementType\": \"number\", \"encryption_required\": false}, {\"id\": \"e96c1fdd-5a19-4bb5-b6d8-3f8b9b5d0a27\", \"key\": \"/get-watchlistAPIServerResponse/200/Watchlist[]/Change\", \"type\": \"number\", \"order\": 4.0, \"title\": \"Change\", \"value\": {\"type\": \"number\", \"requiredFlag\": false}, \"isLeaf\": true, \"entityType\": \"componentConfig\", \"childrenSet\": false, \"hasChildren\": false, \"dataElementType\": \"number\", \"encryption_required\": false}, {\"id\": \"e96c1fdd-5a19-4bb5-b6d8-3f8b9b5d0a27\", \"key\": \"/get-watchlistAPIServerResponse/200/Watchlist[]/Volume\", \"type\": \"integer\", \"order\": 5.0, \"title\": \"Volume\", \"value\": {\"type\": \"integer\", \"requiredFlag\": false}, \"isLeaf\": true, \"entityType\": \"componentConfig\", \"childrenSet\": false, \"hasChildren\": false, \"dataElementType\": \"integer\", \"encryption_required\": false}, {\"id\": \"e96c1fdd-5a19-4bb5-b6d8-3f8b9b5d0a27\", \"key\": \"/get-watchlistAPIServerResponse/200/Watchlist[]/Name\", \"type\": \"string\", \"order\": 6.0, \"title\": \"Name\", \"value\": {\"type\": \"string\", \"requiredFlag\": false}, \"isLeaf\": true, \"entityType\": \"componentConfig\", \"childrenSet\": false, \"hasChildren\": false, \"dataElementType\": \"string\", \"encryption_required\": false}, {\"id\": \"e96c1fdd-5a19-4bb5-b6d8-3f8b9b5d0a27\", \"key\": \"/get-watchlistAPIServerResponse/200/Watchlist[]/Symbol\", \"type\": \"string\", \"order\": 7.0, \"title\": \"Symbol\", \"value\": {\"type\": \"string\", \"requiredFlag\": false}, \"isLeaf\": true, \"entityType\": \"componentConfig\", \"childrenSet\": false, \"hasChildren\": false, \"dataElementType\": \"string\", \"encryption_required\": false}], \"entityType\": \"componentConfig\", \"childrenSet\": false, \"hasChildren\": false, \"dataElementType\": \"documentArray\", \"encryption_required\": false}, {\"id\": \"e96c1fdd-5a19-4bb5-b6d8-3f8b9b5d0a27\", \"key\": \"/get-watchlistAPIServerResponse/200/responseHeaders\", \"type\": \"object\", \"order\": 8.0, \"title\": \"responseHeaders\", \"value\": {\"type\": \"object\", \"requiredFlag\": false}, \"isLeaf\": false, \"children\": [{\"id\": \"e96c1fdd-5a19-4bb5-b6d8-3f8b9b5d0a27\", \"key\": \"/get-watchlistAPIServerResponse/200/responseHeaders/Transfer-Encoding\", \"type\": \"string\", \"order\": 9.0, \"title\": \"Transfer-Encoding\", \"value\": {\"type\": \"string\", \"requiredFlag\": false}, \"isLeaf\": true, \"entityType\": \"componentConfig\", \"childrenSet\": false, \"hasChildren\": false, \"dataElementType\": \"string\", \"encryption_required\": false}, {\"id\": \"e96c1fdd-5a19-4bb5-b6d8-3f8b9b5d0a27\", \"key\": \"/get-watchlistAPIServerResponse/200/responseHeaders/Retry-After\", \"type\": \"string\", \"order\": 10.0, \"title\": \"Retry-After\", \"value\": {\"type\": \"string\", \"requiredFlag\": false}, \"isLeaf\": true, \"entityType\": \"componentConfig\", \"childrenSet\": false, \"hasChildren\": false, \"dataElementType\": \"string\", \"encryption_required\": false}, {\"id\": \"e96c1fdd-5a19-4bb5-b6d8-3f8b9b5d0a27\", \"key\": \"/get-watchlistAPIServerResponse/200/responseHeaders/Access-Control-Allow-Origin\", \"type\": \"string\", \"order\": 11.0, \"title\": \"Access-Control-Allow-Origin\", \"value\": {\"type\": \"string\", \"requiredFlag\": false}, \"isLeaf\": true, \"entityType\": \"componentConfig\", \"childrenSet\": false, \"hasChildren\": false, \"dataElementType\": \"string\", \"encryption_required\": false}, {\"id\": \"e96c1fdd-5a19-4bb5-b6d8-3f8b9b5d0a27\", \"key\": \"/get-watchlistAPIServerResponse/200/responseHeaders/ETag\", \"type\": \"string\", \"order\": 12.0, \"title\": \"ETag\", \"value\": {\"type\": \"string\", \"requiredFlag\": false}, \"isLeaf\": true, \"entityType\": \"componentConfig\", \"childrenSet\": false, \"hasChildren\": false, \"dataElementType\": \"string\", \"encryption_required\": false}, {\"id\": \"e96c1fdd-5a19-4bb5-b6d8-3f8b9b5d0a27\", \"key\": \"/get-watchlistAPIServerResponse/200/responseHeaders/Content-Encoding\", \"type\": \"string\", \"order\": 13.0, \"title\": \"Content-Encoding\", \"value\": {\"type\": \"string\", \"requiredFlag\": false}, \"isLeaf\": true, \"entityType\": \"componentConfig\", \"childrenSet\": false, \"hasChildren\": false, \"dataElementType\": \"string\", \"encryption_required\": false}, {\"id\": \"e96c1fdd-5a19-4bb5-b6d8-3f8b9b5d0a27\", \"key\": \"/get-watchlistAPIServerResponse/200/responseHeaders/content-type\", \"type\": \"string\", \"order\": 14.0, \"title\": \"content-type\", \"value\": {\"type\": \"string\", \"requiredFlag\": false}, \"isLeaf\": true, \"entityType\": \"componentConfig\", \"childrenSet\": false, \"hasChildren\": false, \"dataElementType\": \"string\", \"encryption_required\": false}, {\"id\": \"e96c1fdd-5a19-4bb5-b6d8-3f8b9b5d0a27\", \"key\": \"/get-watchlistAPIServerResponse/200/responseHeaders/Set-Cookie\", \"type\": \"string\", \"order\": 15.0, \"title\": \"Set-Cookie\", \"value\": {\"type\": \"string\", \"requiredFlag\": false}, \"isLeaf\": true, \"entityType\": \"componentConfig\", \"childrenSet\": false, \"hasChildren\": false, \"dataElementType\": \"string\", \"encryption_required\": false}, {\"id\": \"e96c1fdd-5a19-4bb5-b6d8-3f8b9b5d0a27\", \"key\": \"/get-watchlistAPIServerResponse/200/responseHeaders/Expires\", \"type\": \"string\", \"order\": 16.0, \"title\": \"Expires\", \"value\": {\"type\": \"string\", \"requiredFlag\": false}, \"isLeaf\": true, \"entityType\": \"componentConfig\", \"childrenSet\": false, \"hasChildren\": false, \"dataElementType\": \"string\", \"encryption_required\": false}, {\"id\": \"e96c1fdd-5a19-4bb5-b6d8-3f8b9b5d0a27\", \"key\": \"/get-watchlistAPIServerResponse/200/responseHeaders/Last-Modified\", \"type\": \"string\", \"order\": 17.0, \"title\": \"Last-Modified\", \"value\": {\"type\": \"string\", \"requiredFlag\": false}, \"isLeaf\": true, \"entityType\": \"componentConfig\", \"childrenSet\": false, \"hasChildren\": false, \"dataElementType\": \"string\", \"encryption_required\": false}, {\"id\": \"e96c1fdd-5a19-4bb5-b6d8-3f8b9b5d0a27\", \"key\": \"/get-watchlistAPIServerResponse/200/responseHeaders/Content-Language\", \"type\": \"string\", \"order\": 18.0, \"title\": \"Content-Language\", \"value\": {\"type\": \"string\", \"requiredFlag\": false}, \"isLeaf\": true, \"entityType\": \"componentConfig\", \"childrenSet\": false, \"hasChildren\": false, \"dataElementType\": \"string\", \"encryption_required\": false}, {\"id\": \"e96c1fdd-5a19-4bb5-b6d8-3f8b9b5d0a27\", \"key\": \"/get-watchlistAPIServerResponse/200/responseHeaders/Allow\", \"type\": \"string\", \"order\": 19.0, \"title\": \"Allow\", \"value\": {\"type\": \"string\", \"requiredFlag\": false}, \"isLeaf\": true, \"entityType\": \"componentConfig\", \"childrenSet\": false, \"hasChildren\": false, \"dataElementType\": \"string\", \"encryption_required\": false}, {\"id\": \"e96c1fdd-5a19-4bb5-b6d8-3f8b9b5d0a27\", \"key\": \"/get-watchlistAPIServerResponse/200/responseHeaders/Location\", \"type\": \"string\", \"order\": 20.0, \"title\": \"Location\", \"value\": {\"type\": \"string\", \"requiredFlag\": false}, \"isLeaf\": true, \"entityType\": \"componentConfig\", \"childrenSet\": false, \"hasChildren\": false, \"dataElementType\": \"string\", \"encryption_required\": false}], \"entityType\": \"componentConfig\", \"childrenSet\": false, \"hasChildren\": false, \"dataElementType\": \"document\", \"encryption_required\": false}], \"entityType\": \"componentConfig\", \"childrenSet\": false, \"hasChildren\": false, \"dataElementType\": \"document\", \"encryption_required\": false}, {\"key\": \"/get-watchlistAPIServerResponse/204\", \"type\": \"object\", \"order\": 1.0, \"title\": \"204\", \"value\": {\"type\": \"object\"}, \"children\": [{\"id\": \"e96c1fdd-5a19-4bb5-b6d8-3f8b9b5d0a27\", \"key\": \"/get-watchlistAPIServerResponse/204/message\", \"type\": \"string\", \"order\": 1.0, \"title\": \"message\", \"value\": {\"type\": \"string\", \"requiredFlag\": false}, \"isLeaf\": true, \"entityType\": \"componentConfig\", \"childrenSet\": false, \"hasChildren\": false, \"dataElementType\": \"string\", \"encryption_required\": false}, {\"id\": \"e96c1fdd-5a19-4bb5-b6d8-3f8b9b5d0a27\", \"key\": \"/get-watchlistAPIServerResponse/204/responseHeaders\", \"type\": \"object\", \"order\": 2.0, \"title\": \"responseHeaders\", \"value\": {\"type\": \"object\", \"requiredFlag\": false}, \"isLeaf\": false, \"children\": [{\"id\": \"e96c1fdd-5a19-4bb5-b6d8-3f8b9b5d0a27\", \"key\": \"/get-watchlistAPIServerResponse/204/responseHeaders/Transfer-Encoding\", \"type\": \"string\", \"order\": 3.0, \"title\": \"Transfer-Encoding\", \"value\": {\"type\": \"string\", \"requiredFlag\": false}, \"isLeaf\": true, \"entityType\": \"componentConfig\", \"childrenSet\": false, \"hasChildren\": false, \"dataElementType\": \"string\", \"encryption_required\": false}, {\"id\": \"e96c1fdd-5a19-4bb5-b6d8-3f8b9b5d0a27\", \"key\": \"/get-watchlistAPIServerResponse/204/responseHeaders/Retry-After\", \"type\": \"string\", \"order\": 4.0, \"title\": \"Retry-After\", \"value\": {\"type\": \"string\", \"requiredFlag\": false}, \"isLeaf\": true, \"entityType\": \"componentConfig\", \"childrenSet\": false, \"hasChildren\": false, \"dataElementType\": \"string\", \"encryption_required\": false}, {\"id\": \"e96c1fdd-5a19-4bb5-b6d8-3f8b9b5d0a27\", \"key\": \"/get-watchlistAPIServerResponse/204/responseHeaders/Access-Control-Allow-Origin\", \"type\": \"string\", \"order\": 5.0, \"title\": \"Access-Control-Allow-Origin\", \"value\": {\"type\": \"string\", \"requiredFlag\": false}, \"isLeaf\": true, \"entityType\": \"componentConfig\", \"childrenSet\": false, \"hasChildren\": false, \"dataElementType\": \"string\", \"encryption_required\": false}, {\"id\": \"e96c1fdd-5a19-4bb5-b6d8-3f8b9b5d0a27\", \"key\": \"/get-watchlistAPIServerResponse/204/responseHeaders/ETag\", \"type\": \"string\", \"order\": 6.0, \"title\": \"ETag\", \"value\": {\"type\": \"string\", \"requiredFlag\": false}, \"isLeaf\": true, \"entityType\": \"componentConfig\", \"childrenSet\": false, \"hasChildren\": false, \"dataElementType\": \"string\", \"encryption_required\": false}, {\"id\": \"e96c1fdd-5a19-4bb5-b6d8-3f8b9b5d0a27\", \"key\": \"/get-watchlistAPIServerResponse/204/responseHeaders/Content-Encoding\", \"type\": \"string\", \"order\": 7.0, \"title\": \"Content-Encoding\", \"value\": {\"type\": \"string\", \"requiredFlag\": false}, \"isLeaf\": true, \"entityType\": \"componentConfig\", \"childrenSet\": false, \"hasChildren\": false, \"dataElementType\": \"string\", \"encryption_required\": false}, {\"id\": \"e96c1fdd-5a19-4bb5-b6d8-3f8b9b5d0a27\", \"key\": \"/get-watchlistAPIServerResponse/204/responseHeaders/content-type\", \"type\": \"string\", \"order\": 8.0, \"title\": \"content-type\", \"value\": {\"type\": \"string\", \"requiredFlag\": false}, \"isLeaf\": true, \"entityType\": \"componentConfig\", \"childrenSet\": false, \"hasChildren\": false, \"dataElementType\": \"string\", \"encryption_required\": false}, {\"id\": \"e96c1fdd-5a19-4bb5-b6d8-3f8b9b5d0a27\", \"key\": \"/get-watchlistAPIServerResponse/204/responseHeaders/Set-Cookie\", \"type\": \"string\", \"order\": 9.0, \"title\": \"Set-Cookie\", \"value\": {\"type\": \"string\", \"requiredFlag\": false}, \"isLeaf\": true, \"entityType\": \"componentConfig\", \"childrenSet\": false, \"hasChildren\": false, \"dataElementType\": \"string\", \"encryption_required\": false}, {\"id\": \"e96c1fdd-5a19-4bb5-b6d8-3f8b9b5d0a27\", \"key\": \"/get-watchlistAPIServerResponse/204/responseHeaders/Expires\", \"type\": \"string\", \"order\": 10.0, \"title\": \"Expires\", \"value\": {\"type\": \"string\", \"requiredFlag\": false}, \"isLeaf\": true, \"entityType\": \"componentConfig\", \"childrenSet\": false, \"hasChildren\": false, \"dataElementType\": \"string\", \"encryption_required\": false}, {\"id\": \"e96c1fdd-5a19-4bb5-b6d8-3f8b9b5d0a27\", \"key\": \"/get-watchlistAPIServerResponse/204/responseHeaders/Last-Modified\", \"type\": \"string\", \"order\": 11.0, \"title\": \"Last-Modified\", \"value\": {\"type\": \"string\", \"requiredFlag\": false}, \"isLeaf\": true, \"entityType\": \"componentConfig\", \"childrenSet\": false, \"hasChildren\": false, \"dataElementType\": \"string\", \"encryption_required\": false}, {\"id\": \"e96c1fdd-5a19-4bb5-b6d8-3f8b9b5d0a27\", \"key\": \"/get-watchlistAPIServerResponse/204/responseHeaders/Content-Language\", \"type\": \"string\", \"order\": 12.0, \"title\": \"Content-Language\", \"value\": {\"type\": \"string\", \"requiredFlag\": false}, \"isLeaf\": true, \"entityType\": \"componentConfig\", \"childrenSet\": false, \"hasChildren\": false, \"dataElementType\": \"string\", \"encryption_required\": false}, {\"id\": \"e96c1fdd-5a19-4bb5-b6d8-3f8b9b5d0a27\", \"key\": \"/get-watchlistAPIServerResponse/204/responseHeaders/Allow\", \"type\": \"string\", \"order\": 13.0, \"title\": \"Allow\", \"value\": {\"type\": \"string\", \"requiredFlag\": false}, \"isLeaf\": true, \"entityType\": \"componentConfig\", \"childrenSet\": false, \"hasChildren\": false, \"dataElementType\": \"string\", \"encryption_required\": false}, {\"id\": \"e96c1fdd-5a19-4bb5-b6d8-3f8b9b5d0a27\", \"key\": \"/get-watchlistAPIServerResponse/204/responseHeaders/Location\", \"type\": \"string\", \"order\": 14.0, \"title\": \"Location\", \"value\": {\"type\": \"string\", \"requiredFlag\": false}, \"isLeaf\": true, \"entityType\": \"componentConfig\", \"childrenSet\": false, \"hasChildren\": false, \"dataElementType\": \"string\", \"encryption_required\": false}], \"entityType\": \"componentConfig\", \"childrenSet\": false, \"hasChildren\": false, \"dataElementType\": \"document\", \"encryption_required\": false}], \"entityType\": \"componentConfig\", \"childrenSet\": false, \"hasChildren\": false, \"dataElementType\": \"document\", \"encryption_required\": false}, {\"key\": \"/get-watchlistAPIServerResponse/400\", \"type\": \"object\", \"order\": 1.0, \"title\": \"400\", \"value\": {\"type\": \"object\"}, \"children\": [{\"id\": \"e96c1fdd-5a19-4bb5-b6d8-3f8b9b5d0a27\", \"key\": \"/get-watchlistAPIServerResponse/400/message\", \"type\": \"string\", \"order\": 1.0, \"title\": \"message\", \"value\": {\"type\": \"string\", \"requiredFlag\": false}, \"isLeaf\": true, \"entityType\": \"componentConfig\", \"childrenSet\": false, \"hasChildren\": false, \"dataElementType\": \"string\", \"encryption_required\": false}, {\"id\": \"e96c1fdd-5a19-4bb5-b6d8-3f8b9b5d0a27\", \"key\": \"/get-watchlistAPIServerResponse/400/responseHeaders\", \"type\": \"object\", \"order\": 2.0, \"title\": \"responseHeaders\", \"value\": {\"type\": \"object\", \"requiredFlag\": false}, \"isLeaf\": false, \"children\": [{\"id\": \"e96c1fdd-5a19-4bb5-b6d8-3f8b9b5d0a27\", \"key\": \"/get-watchlistAPIServerResponse/400/responseHeaders/Transfer-Encoding\", \"type\": \"string\", \"order\": 3.0, \"title\": \"Transfer-Encoding\", \"value\": {\"type\": \"string\", \"requiredFlag\": false}, \"isLeaf\": true, \"entityType\": \"componentConfig\", \"childrenSet\": false, \"hasChildren\": false, \"dataElementType\": \"string\", \"encryption_required\": false}, {\"id\": \"e96c1fdd-5a19-4bb5-b6d8-3f8b9b5d0a27\", \"key\": \"/get-watchlistAPIServerResponse/400/responseHeaders/Retry-After\", \"type\": \"string\", \"order\": 4.0, \"title\": \"Retry-After\", \"value\": {\"type\": \"string\", \"requiredFlag\": false}, \"isLeaf\": true, \"entityType\": \"componentConfig\", \"childrenSet\": false, \"hasChildren\": false, \"dataElementType\": \"string\", \"encryption_required\": false}, {\"id\": \"e96c1fdd-5a19-4bb5-b6d8-3f8b9b5d0a27\", \"key\": \"/get-watchlistAPIServerResponse/400/responseHeaders/Access-Control-Allow-Origin\", \"type\": \"string\", \"order\": 5.0, \"title\": \"Access-Control-Allow-Origin\", \"value\": {\"type\": \"string\", \"requiredFlag\": false}, \"isLeaf\": true, \"entityType\": \"componentConfig\", \"childrenSet\": false, \"hasChildren\": false, \"dataElementType\": \"string\", \"encryption_required\": false}, {\"id\": \"e96c1fdd-5a19-4bb5-b6d8-3f8b9b5d0a27\", \"key\": \"/get-watchlistAPIServerResponse/400/responseHeaders/ETag\", \"type\": \"string\", \"order\": 6.0, \"title\": \"ETag\", \"value\": {\"type\": \"string\", \"requiredFlag\": false}, \"isLeaf\": true, \"entityType\": \"componentConfig\", \"childrenSet\": false, \"hasChildren\": false, \"dataElementType\": \"string\", \"encryption_required\": false}, {\"id\": \"e96c1fdd-5a19-4bb5-b6d8-3f8b9b5d0a27\", \"key\": \"/get-watchlistAPIServerResponse/400/responseHeaders/Content-Encoding\", \"type\": \"string\", \"order\": 7.0, \"title\": \"Content-Encoding\", \"value\": {\"type\": \"string\", \"requiredFlag\": false}, \"isLeaf\": true, \"entityType\": \"componentConfig\", \"childrenSet\": false, \"hasChildren\": false, \"dataElementType\": \"string\", \"encryption_required\": false}, {\"id\": \"e96c1fdd-5a19-4bb5-b6d8-3f8b9b5d0a27\", \"key\": \"/get-watchlistAPIServerResponse/400/responseHeaders/Set-Cookie\", \"type\": \"string\", \"order\": 8.0, \"title\": \"Set-Cookie\", \"value\": {\"type\": \"string\", \"requiredFlag\": false}, \"isLeaf\": true, \"entityType\": \"componentConfig\", \"childrenSet\": false, \"hasChildren\": false, \"dataElementType\": \"string\", \"encryption_required\": false}, {\"id\": \"e96c1fdd-5a19-4bb5-b6d8-3f8b9b5d0a27\", \"key\": \"/get-watchlistAPIServerResponse/400/responseHeaders/Expires\", \"type\": \"string\", \"order\": 9.0, \"title\": \"Expires\", \"value\": {\"type\": \"string\", \"requiredFlag\": false}, \"isLeaf\": true, \"entityType\": \"componentConfig\", \"childrenSet\": false, \"hasChildren\": false, \"dataElementType\": \"string\", \"encryption_required\": false}, {\"id\": \"e96c1fdd-5a19-4bb5-b6d8-3f8b9b5d0a27\", \"key\": \"/get-watchlistAPIServerResponse/400/responseHeaders/Last-Modified\", \"type\": \"string\", \"order\": 10.0, \"title\": \"Last-Modified\", \"value\": {\"type\": \"string\", \"requiredFlag\": false}, \"isLeaf\": true, \"entityType\": \"componentConfig\", \"childrenSet\": false, \"hasChildren\": false, \"dataElementType\": \"string\", \"encryption_required\": false}, {\"id\": \"e96c1fdd-5a19-4bb5-b6d8-3f8b9b5d0a27\", \"key\": \"/get-watchlistAPIServerResponse/400/responseHeaders/Content-Language\", \"type\": \"string\", \"order\": 11.0, \"title\": \"Content-Language\", \"value\": {\"type\": \"string\", \"requiredFlag\": false}, \"isLeaf\": true, \"entityType\": \"componentConfig\", \"childrenSet\": false, \"hasChildren\": false, \"dataElementType\": \"string\", \"encryption_required\": false}, {\"id\": \"e96c1fdd-5a19-4bb5-b6d8-3f8b9b5d0a27\", \"key\": \"/get-watchlistAPIServerResponse/400/responseHeaders/Allow\", \"type\": \"string\", \"order\": 12.0, \"title\": \"Allow\", \"value\": {\"type\": \"string\", \"requiredFlag\": false}, \"isLeaf\": true, \"entityType\": \"componentConfig\", \"childrenSet\": false, \"hasChildren\": false, \"dataElementType\": \"string\", \"encryption_required\": false}, {\"id\": \"e96c1fdd-5a19-4bb5-b6d8-3f8b9b5d0a27\", \"key\": \"/get-watchlistAPIServerResponse/400/responseHeaders/Content-Type\", \"type\": \"string\", \"order\": 13.0, \"title\": \"Content-Type\", \"value\": {\"type\": \"string\", \"requiredFlag\": false}, \"isLeaf\": true, \"entityType\": \"componentConfig\", \"childrenSet\": false, \"hasChildren\": false, \"dataElementType\": \"string\", \"encryption_required\": false}, {\"id\": \"e96c1fdd-5a19-4bb5-b6d8-3f8b9b5d0a27\", \"key\": \"/get-watchlistAPIServerResponse/400/responseHeaders/Location\", \"type\": \"string\", \"order\": 14.0, \"title\": \"Location\", \"value\": {\"type\": \"string\", \"requiredFlag\": false}, \"isLeaf\": true, \"entityType\": \"componentConfig\", \"childrenSet\": false, \"hasChildren\": false, \"dataElementType\": \"string\", \"encryption_required\": false}], \"entityType\": \"componentConfig\", \"childrenSet\": false, \"hasChildren\": false, \"dataElementType\": \"document\", \"encryption_required\": false}], \"entityType\": \"componentConfig\", \"childrenSet\": false, \"hasChildren\": false, \"dataElementType\": \"document\", \"encryption_required\": false}, {\"key\": \"/get-watchlistAPIServerResponse/500\", \"type\": \"object\", \"order\": 1.0, \"title\": \"500\", \"value\": {\"type\": \"object\"}, \"children\": [{\"id\": \"e96c1fdd-5a19-4bb5-b6d8-3f8b9b5d0a27\", \"key\": \"/get-watchlistAPIServerResponse/500/message\", \"type\": \"string\", \"order\": 1.0, \"title\": \"message\", \"value\": {\"type\": \"string\", \"requiredFlag\": false}, \"isLeaf\": true, \"entityType\": \"componentConfig\", \"childrenSet\": false, \"hasChildren\": false, \"dataElementType\": \"string\", \"encryption_required\": false}, {\"id\": \"e96c1fdd-5a19-4bb5-b6d8-3f8b9b5d0a27\", \"key\": \"/get-watchlistAPIServerResponse/500/responseHeaders\", \"type\": \"object\", \"order\": 2.0, \"title\": \"responseHeaders\", \"value\": {\"type\": \"object\", \"requiredFlag\": false}, \"isLeaf\": false, \"children\": [{\"id\": \"e96c1fdd-5a19-4bb5-b6d8-3f8b9b5d0a27\", \"key\": \"/get-watchlistAPIServerResponse/500/responseHeaders/Transfer-Encoding\", \"type\": \"string\", \"order\": 3.0, \"title\": \"Transfer-Encoding\", \"value\": {\"type\": \"string\", \"requiredFlag\": false}, \"isLeaf\": true, \"entityType\": \"componentConfig\", \"childrenSet\": false, \"hasChildren\": false, \"dataElementType\": \"string\", \"encryption_required\": false}, {\"id\": \"e96c1fdd-5a19-4bb5-b6d8-3f8b9b5d0a27\", \"key\": \"/get-watchlistAPIServerResponse/500/responseHeaders/Retry-After\", \"type\": \"string\", \"order\": 4.0, \"title\": \"Retry-After\", \"value\": {\"type\": \"string\", \"requiredFlag\": false}, \"isLeaf\": true, \"entityType\": \"componentConfig\", \"childrenSet\": false, \"hasChildren\": false, \"dataElementType\": \"string\", \"encryption_required\": false}, {\"id\": \"e96c1fdd-5a19-4bb5-b6d8-3f8b9b5d0a27\", \"key\": \"/get-watchlistAPIServerResponse/500/responseHeaders/Access-Control-Allow-Origin\", \"type\": \"string\", \"order\": 5.0, \"title\": \"Access-Control-Allow-Origin\", \"value\": {\"type\": \"string\", \"requiredFlag\": false}, \"isLeaf\": true, \"entityType\": \"componentConfig\", \"childrenSet\": false, \"hasChildren\": false, \"dataElementType\": \"string\", \"encryption_required\": false}, {\"id\": \"e96c1fdd-5a19-4bb5-b6d8-3f8b9b5d0a27\", \"key\": \"/get-watchlistAPIServerResponse/500/responseHeaders/ETag\", \"type\": \"string\", \"order\": 6.0, \"title\": \"ETag\", \"value\": {\"type\": \"string\", \"requiredFlag\": false}, \"isLeaf\": true, \"entityType\": \"componentConfig\", \"childrenSet\": false, \"hasChildren\": false, \"dataElementType\": \"string\", \"encryption_required\": false}, {\"id\": \"e96c1fdd-5a19-4bb5-b6d8-3f8b9b5d0a27\", \"key\": \"/get-watchlistAPIServerResponse/500/responseHeaders/Content-Encoding\", \"type\": \"string\", \"order\": 7.0, \"title\": \"Content-Encoding\", \"value\": {\"type\": \"string\", \"requiredFlag\": false}, \"isLeaf\": true, \"entityType\": \"componentConfig\", \"childrenSet\": false, \"hasChildren\": false, \"dataElementType\": \"string\", \"encryption_required\": false}, {\"id\": \"e96c1fdd-5a19-4bb5-b6d8-3f8b9b5d0a27\", \"key\": \"/get-watchlistAPIServerResponse/500/responseHeaders/content-type\", \"type\": \"string\", \"order\": 8.0, \"title\": \"content-type\", \"value\": {\"type\": \"string\", \"requiredFlag\": false}, \"isLeaf\": true, \"entityType\": \"componentConfig\", \"childrenSet\": false, \"hasChildren\": false, \"dataElementType\": \"string\", \"encryption_required\": false}, {\"id\": \"e96c1fdd-5a19-4bb5-b6d8-3f8b9b5d0a27\", \"key\": \"/get-watchlistAPIServerResponse/500/responseHeaders/Set-Cookie\", \"type\": \"string\", \"order\": 9.0, \"title\": \"Set-Cookie\", \"value\": {\"type\": \"string\", \"requiredFlag\": false}, \"isLeaf\": true, \"entityType\": \"componentConfig\", \"childrenSet\": false, \"hasChildren\": false, \"dataElementType\": \"string\", \"encryption_required\": false}, {\"id\": \"e96c1fdd-5a19-4bb5-b6d8-3f8b9b5d0a27\", \"key\": \"/get-watchlistAPIServerResponse/500/responseHeaders/Expires\", \"type\": \"string\", \"order\": 10.0, \"title\": \"Expires\", \"value\": {\"type\": \"string\", \"requiredFlag\": false}, \"isLeaf\": true, \"entityType\": \"componentConfig\", \"childrenSet\": false, \"hasChildren\": false, \"dataElementType\": \"string\", \"encryption_required\": false}, {\"id\": \"e96c1fdd-5a19-4bb5-b6d8-3f8b9b5d0a27\", \"key\": \"/get-watchlistAPIServerResponse/500/responseHeaders/Last-Modified\", \"type\": \"string\", \"order\": 11.0, \"title\": \"Last-Modified\", \"value\": {\"type\": \"string\", \"requiredFlag\": false}, \"isLeaf\": true, \"entityType\": \"componentConfig\", \"childrenSet\": false, \"hasChildren\": false, \"dataElementType\": \"string\", \"encryption_required\": false}, {\"id\": \"e96c1fdd-5a19-4bb5-b6d8-3f8b9b5d0a27\", \"key\": \"/get-watchlistAPIServerResponse/500/responseHeaders/Content-Language\", \"type\": \"string\", \"order\": 12.0, \"title\": \"Content-Language\", \"value\": {\"type\": \"string\", \"requiredFlag\": false}, \"isLeaf\": true, \"entityType\": \"componentConfig\", \"childrenSet\": false, \"hasChildren\": false, \"dataElementType\": \"string\", \"encryption_required\": false}, {\"id\": \"e96c1fdd-5a19-4bb5-b6d8-3f8b9b5d0a27\", \"key\": \"/get-watchlistAPIServerResponse/500/responseHeaders/Allow\", \"type\": \"string\", \"order\": 13.0, \"title\": \"Allow\", \"value\": {\"type\": \"string\", \"requiredFlag\": false}, \"isLeaf\": true, \"entityType\": \"componentConfig\", \"childrenSet\": false, \"hasChildren\": false, \"dataElementType\": \"string\", \"encryption_required\": false}, {\"id\": \"e96c1fdd-5a19-4bb5-b6d8-3f8b9b5d0a27\", \"key\": \"/get-watchlistAPIServerResponse/500/responseHeaders/Location\", \"type\": \"string\", \"order\": 14.0, \"title\": \"Location\", \"value\": {\"type\": \"string\", \"requiredFlag\": false}, \"isLeaf\": true, \"entityType\": \"componentConfig\", \"childrenSet\": false, \"hasChildren\": false, \"dataElementType\": \"string\", \"encryption_required\": false}], \"entityType\": \"componentConfig\", \"childrenSet\": false, \"hasChildren\": false, \"dataElementType\": \"document\", \"encryption_required\": false}], \"entityType\": \"componentConfig\", \"childrenSet\": false, \"hasChildren\": false, \"dataElementType\": \"document\", \"encryption_required\": false}, {\"key\": \"/get-watchlistAPIServerResponse/default\", \"type\": \"object\", \"order\": 1.0, \"title\": \"default\", \"value\": {\"type\": \"object\"}, \"children\": [{\"id\": \"e96c1fdd-5a19-4bb5-b6d8-3f8b9b5d0a27\", \"key\": \"/get-watchlistAPIServerResponse/default/responseHeaders\", \"type\": \"object\", \"order\": 1.0, \"title\": \"responseHeaders\", \"value\": {\"type\": \"object\", \"requiredFlag\": false}, \"isLeaf\": false, \"children\": [{\"id\": \"e96c1fdd-5a19-4bb5-b6d8-3f8b9b5d0a27\", \"key\": \"/get-watchlistAPIServerResponse/default/responseHeaders/Transfer-Encoding\", \"type\": \"string\", \"order\": 2.0, \"title\": \"Transfer-Encoding\", \"value\": {\"type\": \"string\", \"requiredFlag\": false}, \"isLeaf\": true, \"entityType\": \"componentConfig\", \"childrenSet\": false, \"hasChildren\": false, \"dataElementType\": \"string\", \"encryption_required\": false}, {\"id\": \"e96c1fdd-5a19-4bb5-b6d8-3f8b9b5d0a27\", \"key\": \"/get-watchlistAPIServerResponse/default/responseHeaders/Retry-After\", \"type\": \"string\", \"order\": 3.0, \"title\": \"Retry-After\", \"value\": {\"type\": \"string\", \"requiredFlag\": false}, \"isLeaf\": true, \"entityType\": \"componentConfig\", \"childrenSet\": false, \"hasChildren\": false, \"dataElementType\": \"string\", \"encryption_required\": false}, {\"id\": \"e96c1fdd-5a19-4bb5-b6d8-3f8b9b5d0a27\", \"key\": \"/get-watchlistAPIServerResponse/default/responseHeaders/Access-Control-Allow-Origin\", \"type\": \"string\", \"order\": 4.0, \"title\": \"Access-Control-Allow-Origin\", \"value\": {\"type\": \"string\", \"requiredFlag\": false}, \"isLeaf\": true, \"entityType\": \"componentConfig\", \"childrenSet\": false, \"hasChildren\": false, \"dataElementType\": \"string\", \"encryption_required\": false}, {\"id\": \"e96c1fdd-5a19-4bb5-b6d8-3f8b9b5d0a27\", \"key\": \"/get-watchlistAPIServerResponse/default/responseHeaders/ETag\", \"type\": \"string\", \"order\": 5.0, \"title\": \"ETag\", \"value\": {\"type\": \"string\", \"requiredFlag\": false}, \"isLeaf\": true, \"entityType\": \"componentConfig\", \"childrenSet\": false, \"hasChildren\": false, \"dataElementType\": \"string\", \"encryption_required\": false}, {\"id\": \"e96c1fdd-5a19-4bb5-b6d8-3f8b9b5d0a27\", \"key\": \"/get-watchlistAPIServerResponse/default/responseHeaders/Content-Encoding\", \"type\": \"string\", \"order\": 6.0, \"title\": \"Content-Encoding\", \"value\": {\"type\": \"string\", \"requiredFlag\": false}, \"isLeaf\": true, \"entityType\": \"componentConfig\", \"childrenSet\": false, \"hasChildren\": false, \"dataElementType\": \"string\", \"encryption_required\": false}, {\"id\": \"e96c1fdd-5a19-4bb5-b6d8-3f8b9b5d0a27\", \"key\": \"/get-watchlistAPIServerResponse/default/responseHeaders/Set-Cookie\", \"type\": \"string\", \"order\": 7.0, \"title\": \"Set-Cookie\", \"value\": {\"type\": \"string\", \"requiredFlag\": false}, \"isLeaf\": true, \"entityType\": \"componentConfig\", \"childrenSet\": false, \"hasChildren\": false, \"dataElementType\": \"string\", \"encryption_required\": false}, {\"id\": \"e96c1fdd-5a19-4bb5-b6d8-3f8b9b5d0a27\", \"key\": \"/get-watchlistAPIServerResponse/default/responseHeaders/Expires\", \"type\": \"string\", \"order\": 8.0, \"title\": \"Expires\", \"value\": {\"type\": \"string\", \"requiredFlag\": false}, \"isLeaf\": true, \"entityType\": \"componentConfig\", \"childrenSet\": false, \"hasChildren\": false, \"dataElementType\": \"string\", \"encryption_required\": false}, {\"id\": \"e96c1fdd-5a19-4bb5-b6d8-3f8b9b5d0a27\", \"key\": \"/get-watchlistAPIServerResponse/default/responseHeaders/Last-Modified\", \"type\": \"string\", \"order\": 9.0, \"title\": \"Last-Modified\", \"value\": {\"type\": \"string\", \"requiredFlag\": false}, \"isLeaf\": true, \"entityType\": \"componentConfig\", \"childrenSet\": false, \"hasChildren\": false, \"dataElementType\": \"string\", \"encryption_required\": false}, {\"id\": \"e96c1fdd-5a19-4bb5-b6d8-3f8b9b5d0a27\", \"key\": \"/get-watchlistAPIServerResponse/default/responseHeaders/Content-Language\", \"type\": \"string\", \"order\": 10.0, \"title\": \"Content-Language\", \"value\": {\"type\": \"string\", \"requiredFlag\": false}, \"isLeaf\": true, \"entityType\": \"componentConfig\", \"childrenSet\": false, \"hasChildren\": false, \"dataElementType\": \"string\", \"encryption_required\": false}, {\"id\": \"e96c1fdd-5a19-4bb5-b6d8-3f8b9b5d0a27\", \"key\": \"/get-watchlistAPIServerResponse/default/responseHeaders/Allow\", \"type\": \"string\", \"order\": 11.0, \"title\": \"Allow\", \"value\": {\"type\": \"string\", \"requiredFlag\": false}, \"isLeaf\": true, \"entityType\": \"componentConfig\", \"childrenSet\": false, \"hasChildren\": false, \"dataElementType\": \"string\", \"encryption_required\": false}, {\"id\": \"e96c1fdd-5a19-4bb5-b6d8-3f8b9b5d0a27\", \"key\": \"/get-watchlistAPIServerResponse/default/responseHeaders/Content-Type\", \"type\": \"string\", \"order\": 12.0, \"title\": \"Content-Type\", \"value\": {\"type\": \"string\", \"requiredFlag\": false}, \"isLeaf\": true, \"entityType\": \"componentConfig\", \"childrenSet\": false, \"hasChildren\": false, \"dataElementType\": \"string\", \"encryption_required\": false}, {\"id\": \"e96c1fdd-5a19-4bb5-b6d8-3f8b9b5d0a27\", \"key\": \"/get-watchlistAPIServerResponse/default/responseHeaders/Location\", \"type\": \"string\", \"order\": 13.0, \"title\": \"Location\", \"value\": {\"type\": \"string\", \"requiredFlag\": false}, \"isLeaf\": true, \"entityType\": \"componentConfig\", \"childrenSet\": false, \"hasChildren\": false, \"dataElementType\": \"string\", \"encryption_required\": false}], \"entityType\": \"componentConfig\", \"childrenSet\": false, \"hasChildren\": false, \"dataElementType\": \"document\", \"encryption_required\": false}, {\"id\": \"e96c1fdd-5a19-4bb5-b6d8-3f8b9b5d0a27\", \"key\": \"/get-watchlistAPIServerResponse/default/content\", \"type\": \"object\", \"order\": 14.0, \"title\": \"content\", \"value\": {\"type\": \"object\", \"requiredFlag\": false}, \"isLeaf\": false, \"entityType\": \"componentConfig\", \"childrenSet\": false, \"hasChildren\": false, \"dataElementType\": \"object\", \"encryption_required\": false}], \"entityType\": \"componentConfig\", \"childrenSet\": false, \"hasChildren\": false, \"dataElementType\": \"document\", \"encryption_required\": false}], \"entityType\": \"componentConfig\", \"childrenSet\": false, \"hasChildren\": false, \"dataElementType\": \"document\", \"encryption_required\": false}]",
    "null" : false
  },
  "config_plug_id" : null,
  "override_plug" : false,
  "config_java_service_id" : null,
  "service_tag" : "EMPTY",
  "endpoint_tag" : null,
  "config_service_tag" : null,
  "config_imap_tag" : null,
  "config_b2b_document_type_tag" : null,
  "active" : true,
  "parent_component_config_service_tag" : "EMPTY",
  "service_project_id" : "d15a3eea-56b1-4b22-8e37-6a178b5611d5",
  "service_project_tag" : "EMPTY",
  "config_service_project_id" : null,
  "config_service_project_tag" : null,
  "config_imap_project_id" : null,
  "config_imap_project_tag" : null,
  "config_b2b_document_type_project_id" : null,
  "config_b2b_document_type_project_tag" : null,
  "endpoint_project_id" : null,
  "endpoint_project_tag" : null,
  "config_plug_tag" : null,
  "config_plug_project_id" : null,
  "config_plug_project_tag" : null,
  "config_java_service_tag" : null,
  "config_java_service_project_id" : null,
  "config_java_service_project_tag" : null,
  "disabled" : false,
  "config" : {
    "type" : "json",
    "value" : "{\"api\":{\"id\":\"4546e769-a890-4056-b13a-d6aee6e259be\",\"name\":\"Stock2\",\"projectId\":\"d15a3eea-56b1-4b22-8e37-6a178b5611d5\",\"projectName\":\"LB_StockQuoteFH2\",\"integrationId\":\"4282986d-b910-45f7-9843-6a6c12b79229\",\"entityId\":\"b6557b4b-0482-4b24-a749-7b1f4e608ce3\",\"apiServiceId\":\"838ae14f-5c8d-45dd-a79a-8f5dcb187c32\"},\"operations\":[{\"id\":\"6a615d4e-4c5f-4009-a398-2b89336980af\",\"method\":\"GET\",\"path\":\"/watchlist\",\"operationId\":\"stock-1.0 get-watchlist\"}]}",
    "null" : false
  },
  "config_b2b_document_type_project_mode_id" : "112c1cb8-4b9e-4d1a-a042-0bd031dc7d05",
  "config_imap_project_mode_id" : "112c1cb8-4b9e-4d1a-a042-0bd031dc7d05",
  "config_java_service_project_mode_id" : "112c1cb8-4b9e-4d1a-a042-0bd031dc7d05",
  "config_plug_project_mode_id" : "112c1cb8-4b9e-4d1a-a042-0bd031dc7d05",
  "config_service_project_mode_id" : "112c1cb8-4b9e-4d1a-a042-0bd031dc7d05",
  "endpoint_project_mode_id" : "112c1cb8-4b9e-4d1a-a042-0bd031dc7d05",
  "service_project_mode_id" : "112c1cb8-4b9e-4d1a-a042-0bd031dc7d05",
  "parent_component_config_service_project_mode_id" : "112c1cb8-4b9e-4d1a-a042-0bd031dc7d05",
  "is_audit" : true,
  "keys_with_order" : null
}