{
  "component_config_id" : "917fa1a8-ed9c-43c0-995a-c76514413054",
  "endpoint_config_json" : {
    "type" : "jsonb",
    "value" : "{\"crossRef\": [], \"services\": [], \"multistep\": [], \"operations\": []}",
    "null" : false
  },
  "input_config_json" : {
    "type" : "jsonb",
    "value" : "{\"crossRef\": [], \"services\": [], \"multistep\": [], \"operations\": []}",
    "null" : false
  },
  "output_config_json" : {
    "type" : "jsonb",
    "value" : "{\"crossRef\": [], \"services\": [], \"multistep\": [], \"operations\": [{\"map\": {\"id\": \"282cb106-9f9f-4b3c-9a57-77ccbc10b556\", \"root\": false, \"type\": \"map\", \"cached\": false, \"source\": \"/company-profile2Output/response/name\", \"target\": \"/WatchlistItem/Name\", \"mapNull\": false, \"disabled\": false, \"extractXml\": false, \"extractJson\": false, \"targetOrder\": 2.0, \"mapEmptyString\": false, \"sourceJavaType\": \"java.lang.String\", \"targetJavaType\": \"java.lang.String\"}}, {\"map\": {\"id\": \"869662fe-1e49-462c-9112-574e5548a668\", \"root\": false, \"type\": \"map\", \"cached\": false, \"source\": \"/company-profile2Output/response/ticker\", \"target\": \"/WatchlistItem/Symbol\", \"mapNull\": false, \"disabled\": false, \"extractXml\": false, \"extractJson\": false, \"targetOrder\": 1.0, \"mapEmptyString\": false, \"sourceJavaType\": \"java.lang.String\", \"targetJavaType\": \"java.lang.String\"}}, {\"map\": {\"id\": \"0f3f3b06-cece-4d25-bb80-069797104254\", \"root\": false, \"type\": \"map\", \"cached\": false, \"source\": \"/quoteOutput/response/pc\", \"target\": \"/WatchlistItem/ChangePercent\", \"mapNull\": false, \"disabled\": false, \"extractXml\": false, \"extractJson\": false, \"targetOrder\": 4.0, \"mapEmptyString\": false, \"sourceJavaType\": \"java.lang.Float\", \"targetJavaType\": \"java.lang.Float\"}}, {\"map\": {\"id\": \"a6943bc5-2ea1-451a-afd0-45c16ee51a37\", \"root\": false, \"type\": \"map\", \"cached\": false, \"source\": \"/quoteOutput/response/c\", \"target\": \"/WatchlistItem/Price\", \"mapNull\": false, \"disabled\": false, \"extractXml\": false, \"extractJson\": false, \"targetOrder\": 5.0, \"mapEmptyString\": false, \"sourceJavaType\": \"java.lang.Float\", \"targetJavaType\": \"java.lang.Float\"}}, {\"map\": {\"id\": \"59e2bb10-77ae-45b7-93a1-ca45b73dce6c\", \"root\": false, \"type\": \"map\", \"cached\": false, \"source\": \"/quoteOutput/response/d\", \"target\": \"/WatchlistItem/Change\", \"mapNull\": false, \"disabled\": false, \"extractXml\": false, \"extractJson\": false, \"targetOrder\": 6.0, \"mapEmptyString\": false, \"sourceJavaType\": \"java.lang.Float\", \"targetJavaType\": \"java.lang.Float\"}}]}",
    "null" : false
  },
  "component_id" : "8ac5fe03-27a2-4e6a-a449-6a8893818223",
  "service_id" : "d406e4c2-296f-4c5c-8261-2117678cbdef",
  "endpoint_id" : null,
  "parent_component_config_id" : "44b2f9e3-78f0-4f14-9167-5fd4ad05f845",
  "component_config_order" : 2.0,
  "action_id" : "06843b78-eab0-45da-afab-8c8277d7553f",
  "name" : "Map response",
  "description" : "",
  "override_endpoint" : false,
  "input_structure_json" : {
    "type" : "jsonb",
    "value" : "{\"maps\": [], \"mappedNodes\": [\"/company-profile2Output/response/name pipeIn\", \"/WatchlistItem/NamepipeOut\", \"/company-profile2Output/response/ticker pipeIn\", \"/WatchlistItem/SymbolpipeOut\", \"/quoteOutput/response/pc pipeIn\", \"/WatchlistItem/ChangePercentpipeOut\", \"/quoteOutput/response/c pipeIn\", \"/WatchlistItem/PricepipeOut\", \"/quoteOutput/response/d pipeIn\", \"/WatchlistItem/ChangepipeOut\"]}",
    "null" : false
  },
  "output_structure_json" : {
    "type" : "jsonb",
    "value" : "{\"maps\": [{\"/WatchlistItem/Name\": [{\"type\": \"map\", \"source\": {\"path\": \"/company-profile2Output/response/name\", \"title\": \"name\", \"dataElementType\": \"string\"}, \"target\": {\"path\": \"/WatchlistItem/Name\", \"order\": 2, \"title\": \"Name\", \"dataElementType\": \"string\"}, \"mapCondition\": {\"isConditionSet\": false, \"sourceTreeIndex\": [], \"targetTreeIndex\": [], \"mapConditionFormValue\": {}}}]}, {\"/WatchlistItem/Symbol\": [{\"type\": \"map\", \"source\": {\"path\": \"/company-profile2Output/response/ticker\", \"title\": \"ticker\", \"dataElementType\": \"string\"}, \"target\": {\"path\": \"/WatchlistItem/Symbol\", \"order\": 1, \"title\": \"Symbol\", \"dataElementType\": \"string\"}, \"mapCondition\": {\"isConditionSet\": false, \"sourceTreeIndex\": [], \"targetTreeIndex\": [], \"mapConditionFormValue\": {}}}]}, {\"/WatchlistItem/ChangePercent\": [{\"type\": \"map\", \"source\": {\"path\": \"/quoteOutput/response/pc\", \"title\": \"pc\", \"dataElementType\": \"number\"}, \"target\": {\"path\": \"/WatchlistItem/ChangePercent\", \"order\": 4, \"title\": \"ChangePercent\", \"dataElementType\": \"number\"}, \"mapCondition\": {\"isConditionSet\": false, \"sourceTreeIndex\": [], \"targetTreeIndex\": [], \"mapConditionFormValue\": {}}}]}, {\"/WatchlistItem/Price\": [{\"type\": \"map\", \"source\": {\"path\": \"/quoteOutput/response/c\", \"title\": \"c\", \"dataElementType\": \"number\"}, \"target\": {\"path\": \"/WatchlistItem/Price\", \"order\": 5, \"title\": \"Price\", \"dataElementType\": \"number\"}, \"mapCondition\": {\"isConditionSet\": false, \"sourceTreeIndex\": [], \"targetTreeIndex\": [], \"mapConditionFormValue\": {}}}]}, {\"/WatchlistItem/Change\": [{\"type\": \"map\", \"source\": {\"path\": \"/quoteOutput/response/d\", \"title\": \"d\", \"dataElementType\": \"number\"}, \"target\": {\"path\": \"/WatchlistItem/Change\", \"order\": 6, \"title\": \"Change\", \"dataElementType\": \"number\"}, \"mapCondition\": {\"isConditionSet\": false, \"sourceTreeIndex\": [], \"targetTreeIndex\": [], \"mapConditionFormValue\": {}}}]}], \"transformer\": []}",
    "null" : false
  },
  "endpoint_structure_json" : {
    "type" : "jsonb",
    "value" : "{\"maps\": []}",
    "null" : false
  },
  "is_error" : false,
  "no_of_errors" : 0,
  "action_input_type" : null,
  "config_service_id" : null,
  "config_imap_id" : null,
  "config_b2b_document_type_id" : null,
  "config_document_id" : null,
  "add_variables" : {
    "type" : "jsonb",
    "value" : "[{\"id\": \"dc781c94-8c37-426d-8a98-a140ffd19620\", \"key\": \"/WatchlistItem\", \"type\": \"reference\", \"order\": 2, \"title\": \"WatchlistItem\", \"value\": {\"type\": \"object\"}, \"isLeaf\": false, \"children\": [], \"editAllow\": true, \"hasChildren\": false, \"projectName\": \"LB_StockQuoteFH\", \"referenceId\": \"c45fa848-dd47-4dbe-96bf-3fdd7f9edff6\", \"isChildrenSet\": false, \"dataObjectName\": \"Watchlist Item\", \"dataElementType\": \"document\", \"componentConfigId\": \"917fa1a8-ed9c-43c0-995a-c76514413054\", \"encryption_required\": false}]",
    "null" : false
  },
  "drop_variables" : {
    "type" : "jsonb",
    "value" : "[]",
    "null" : false
  },
  "plug_input_structure" : null,
  "plug_output_structure" : null,
  "config_plug_id" : null,
  "override_plug" : false,
  "config_java_service_id" : null,
  "service_tag" : "EMPTY",
  "endpoint_tag" : null,
  "config_service_tag" : "",
  "config_imap_tag" : "",
  "config_b2b_document_type_tag" : "",
  "active" : true,
  "parent_component_config_service_tag" : "EMPTY",
  "service_project_id" : "d15a3eea-56b1-4b22-8e37-6a178b5611d5",
  "service_project_tag" : "EMPTY",
  "config_service_project_id" : null,
  "config_service_project_tag" : "",
  "config_imap_project_id" : null,
  "config_imap_project_tag" : "",
  "config_b2b_document_type_project_id" : null,
  "config_b2b_document_type_project_tag" : "",
  "endpoint_project_id" : null,
  "endpoint_project_tag" : null,
  "config_plug_tag" : null,
  "config_plug_project_id" : null,
  "config_plug_project_tag" : null,
  "config_java_service_tag" : "",
  "config_java_service_project_id" : null,
  "config_java_service_project_tag" : "",
  "disabled" : false,
  "config" : null,
  "config_b2b_document_type_project_mode_id" : "112c1cb8-4b9e-4d1a-a042-0bd031dc7d05",
  "config_imap_project_mode_id" : "112c1cb8-4b9e-4d1a-a042-0bd031dc7d05",
  "config_java_service_project_mode_id" : "112c1cb8-4b9e-4d1a-a042-0bd031dc7d05",
  "config_plug_project_mode_id" : "112c1cb8-4b9e-4d1a-a042-0bd031dc7d05",
  "config_service_project_mode_id" : "112c1cb8-4b9e-4d1a-a042-0bd031dc7d05",
  "endpoint_project_mode_id" : "112c1cb8-4b9e-4d1a-a042-0bd031dc7d05",
  "service_project_mode_id" : "112c1cb8-4b9e-4d1a-a042-0bd031dc7d05",
  "parent_component_config_service_project_mode_id" : "112c1cb8-4b9e-4d1a-a042-0bd031dc7d05",
  "is_audit" : true,
  "keys_with_order" : null
}