{
  "component_config_id" : "69821d36-79e5-4f40-af4b-d40fcb63d72f",
  "endpoint_config_json" : {
    "type" : "jsonb",
    "value" : "{\"crossRef\": [], \"services\": [], \"multistep\": [], \"operations\": []}",
    "null" : false
  },
  "input_config_json" : {
    "type" : "jsonb",
    "value" : "{\"crossRef\": [], \"services\": [], \"multistep\": [], \"operations\": []}",
    "null" : false
  },
  "output_config_json" : {
    "type" : "jsonb",
    "value" : "{\"crossRef\": [], \"services\": [], \"multistep\": [], \"operations\": [{\"map\": {\"id\": \"26379cb9-26bc-4891-b858-3dc8978b260a\", \"root\": true, \"type\": \"map\", \"cached\": false, \"source\": \"/WatchListResponse\", \"target\": \"/watchlistserviceOutput/ResponseBody\", \"mapNull\": false, \"disabled\": false, \"extractXml\": false, \"extractJson\": false, \"targetOrder\": 1.0, \"mapEmptyString\": false}}, {\"map\": {\"id\": \"d301f192-a9a5-4ba8-b893-275278606222\", \"root\": false, \"type\": \"setValue\", \"cached\": false, \"target\": \"/watchlistserviceOutput/ResponseStatus\", \"mapNull\": false, \"disabled\": false, \"extractXml\": false, \"extractJson\": false, \"targetOrder\": 1.0, \"targetValue\": \"200\", \"mapEmptyString\": false, \"targetJavaType\": \"java.lang.String\", \"variableSubstitution\": false}}]}",
    "null" : false
  },
  "component_id" : "8ac5fe03-27a2-4e6a-a449-6a8893818223",
  "service_id" : "ba6fb867-511b-4b21-b91b-10fcc1fc8891",
  "endpoint_id" : null,
  "parent_component_config_id" : "d9bc023a-0eff-463a-897f-c8aa3f72652c",
  "component_config_order" : 3.0,
  "action_id" : "06843b78-eab0-45da-afab-8c8277d7553f",
  "name" : "Set 200 output",
  "description" : "",
  "override_endpoint" : false,
  "input_structure_json" : {
    "type" : "jsonb",
    "value" : "{\"maps\": [], \"mappedNodes\": [\"/watchlistserviceOutput/ResponseStatuspipeOut\", \"/watchlistserviceOutputpipeOut\", \"/WatchListResponse pipeIn\", \"/watchlistserviceOutput/ResponseBodypipeOut\"]}",
    "null" : false
  },
  "output_structure_json" : {
    "type" : "jsonb",
    "value" : "{\"maps\": [{\"/watchlistserviceOutput/ResponseStatus\": [{\"type\": \"setValue\", \"order\": 1, \"target\": {\"path\": \"/watchlistserviceOutput/ResponseStatus\", \"order\": 1, \"title\": \"ResponseStatus\", \"dataElementType\": \"string\"}, \"values\": [{\"id\": \"d0120125-bc45-47d6-975c-a901f396856d\", \"key\": \"/watchlistserviceOutput/ResponseStatus\", \"type\": \"node\", \"order\": 1, \"title\": \"ResponseStatus\", \"children\": [], \"setValue\": null, \"editAllow\": true, \"uiElement\": \"200\", \"isSetValue\": false, \"childrenSet\": false, \"hasChildren\": false, \"dataElementType\": \"string\", \"encryption_required\": false}], \"mapCondition\": {\"isConditionSet\": false, \"sourceTreeIndex\": [], \"targetTreeIndex\": [], \"mapConditionFormValue\": {}}, \"dataElementType\": \"string\", \"variableSubstitution\": false, \"overwritePipelineValue\": false}]}, {\"/watchlistserviceOutput/ResponseBody\": [{\"type\": \"map\", \"source\": {\"path\": \"/WatchListResponse\", \"title\": \"WatchListResponse\", \"dataElementType\": \"document\"}, \"target\": {\"path\": \"/watchlistserviceOutput/ResponseBody\", \"order\": 1, \"title\": \"ResponseBody\", \"dataElementType\": \"document\"}, \"mapCondition\": {\"isConditionSet\": false, \"sourceTreeIndex\": [], \"targetTreeIndex\": [], \"mapConditionFormValue\": {}}}]}], \"tracks\": {}, \"transformer\": []}",
    "null" : false
  },
  "endpoint_structure_json" : {
    "type" : "jsonb",
    "value" : "{\"maps\": []}",
    "null" : false
  },
  "is_error" : false,
  "no_of_errors" : 0,
  "action_input_type" : null,
  "config_service_id" : null,
  "config_imap_id" : null,
  "config_b2b_document_type_id" : null,
  "config_document_id" : null,
  "add_variables" : {
    "type" : "jsonb",
    "value" : "[]",
    "null" : false
  },
  "drop_variables" : {
    "type" : "jsonb",
    "value" : "[]",
    "null" : false
  },
  "plug_input_structure" : null,
  "plug_output_structure" : null,
  "config_plug_id" : null,
  "override_plug" : false,
  "config_java_service_id" : null,
  "service_tag" : "EMPTY",
  "endpoint_tag" : null,
  "config_service_tag" : "",
  "config_imap_tag" : "",
  "config_b2b_document_type_tag" : "",
  "active" : true,
  "parent_component_config_service_tag" : "EMPTY",
  "service_project_id" : "d15a3eea-56b1-4b22-8e37-6a178b5611d5",
  "service_project_tag" : "EMPTY",
  "config_service_project_id" : null,
  "config_service_project_tag" : "",
  "config_imap_project_id" : null,
  "config_imap_project_tag" : "",
  "config_b2b_document_type_project_id" : null,
  "config_b2b_document_type_project_tag" : "",
  "endpoint_project_id" : null,
  "endpoint_project_tag" : null,
  "config_plug_tag" : null,
  "config_plug_project_id" : null,
  "config_plug_project_tag" : null,
  "config_java_service_tag" : "",
  "config_java_service_project_id" : null,
  "config_java_service_project_tag" : "",
  "disabled" : false,
  "config" : null,
  "config_b2b_document_type_project_mode_id" : "112c1cb8-4b9e-4d1a-a042-0bd031dc7d05",
  "config_imap_project_mode_id" : "112c1cb8-4b9e-4d1a-a042-0bd031dc7d05",
  "config_java_service_project_mode_id" : "112c1cb8-4b9e-4d1a-a042-0bd031dc7d05",
  "config_plug_project_mode_id" : "112c1cb8-4b9e-4d1a-a042-0bd031dc7d05",
  "config_service_project_mode_id" : "112c1cb8-4b9e-4d1a-a042-0bd031dc7d05",
  "endpoint_project_mode_id" : "112c1cb8-4b9e-4d1a-a042-0bd031dc7d05",
  "service_project_mode_id" : "112c1cb8-4b9e-4d1a-a042-0bd031dc7d05",
  "parent_component_config_service_project_mode_id" : "112c1cb8-4b9e-4d1a-a042-0bd031dc7d05",
  "is_audit" : true,
  "keys_with_order" : null
}