{
  "component_config_id" : "fa5be617-1086-4ea1-85b8-c8a41fd9d76e",
  "endpoint_config_json" : {
    "type" : "jsonb",
    "value" : "{\"crossRef\": [], \"services\": [], \"multistep\": [], \"operations\": []}",
    "null" : false
  },
  "input_config_json" : {
    "type" : "jsonb",
    "value" : "{\"crossRef\": [], \"services\": [], \"multistep\": [], \"operations\": [{\"map\": {\"id\": \"92b7013a-aa43-4c90-8a7c-d5560d1c9126\", \"root\": false, \"type\": \"setValue\", \"cached\": false, \"target\": \"/Set error responseInput/Status\", \"mapNull\": false, \"disabled\": false, \"extractXml\": false, \"extractJson\": false, \"targetOrder\": 1.0, \"targetValue\": \"500\", \"mapEmptyString\": false, \"targetJavaType\": \"java.lang.Float\", \"variableSubstitution\": false}}, {\"map\": {\"id\": \"ad1475a1-5058-4c15-ac8a-b1eeba50c4c3\", \"root\": false, \"type\": \"setValue\", \"cached\": false, \"target\": \"/Set error responseInput/Message\", \"mapNull\": false, \"disabled\": false, \"extractXml\": false, \"extractJson\": false, \"targetOrder\": 1.0, \"targetValue\": \"Internal Server Error\", \"mapEmptyString\": false, \"targetJavaType\": \"java.lang.String\", \"variableSubstitution\": false}}]}",
    "null" : false
  },
  "output_config_json" : {
    "type" : "jsonb",
    "value" : "{\"crossRef\": [], \"services\": [], \"multistep\": [], \"operations\": [{\"map\": {\"id\": \"ed2e6e57-e212-405f-b176-2c40ed10ec24\", \"root\": true, \"type\": \"map\", \"cached\": false, \"source\": \"/Set error responseOutput\", \"target\": \"/Set error responseOutput\", \"mapNull\": false, \"disabled\": false, \"extractXml\": false, \"extractJson\": false, \"targetOrder\": 1.0, \"mapEmptyString\": false}}, {\"map\": {\"id\": \"964a2e29-5065-4131-b194-3400eb44f3c1\", \"root\": true, \"type\": \"map\", \"cached\": false, \"source\": \"/Set error responseOutput/Response/ResponseBody\", \"target\": \"/watchlistserviceOutput/ResponseBody\", \"mapNull\": false, \"disabled\": false, \"extractXml\": false, \"extractJson\": false, \"targetOrder\": 1.0, \"mapEmptyString\": false}}, {\"map\": {\"id\": \"d2a6a74d-03f2-4404-9644-bcba9a74eeaf\", \"root\": false, \"type\": \"map\", \"cached\": false, \"source\": \"/Set error responseOutput/Response/ResponseStatus\", \"target\": \"/watchlistserviceOutput/ResponseStatus\", \"mapNull\": false, \"disabled\": false, \"extractXml\": false, \"extractJson\": false, \"targetOrder\": 1.0, \"mapEmptyString\": false, \"sourceJavaType\": \"java.lang.Float\", \"targetJavaType\": \"java.lang.String\"}}]}",
    "null" : false
  },
  "component_id" : "756d919f-1b1f-4eab-9f44-2f7b5bbe175c",
  "service_id" : "ba6fb867-511b-4b21-b91b-10fcc1fc8891",
  "endpoint_id" : null,
  "parent_component_config_id" : "980a7da5-e31f-4918-8747-60ea6c940d13",
  "component_config_order" : 3.0,
  "action_id" : "8e231fcc-71d0-43f6-9303-70dcb0ca6080",
  "name" : "Set 500 response",
  "description" : "",
  "override_endpoint" : false,
  "input_structure_json" : {
    "type" : "jsonb",
    "value" : "{\"maps\": [{\"/Set error responseInput/Status\": [{\"type\": \"setValue\", \"target\": {\"path\": \"/Set error responseInput/Status\", \"order\": 1, \"title\": \"Status\", \"dataElementType\": \"number\"}, \"values\": [{\"id\": \"6198fba5-1cb7-4c02-b48c-4702ae445ac8\", \"key\": \"/Set error responseInput/Status\", \"type\": \"node\", \"order\": 1, \"title\": \"Status\", \"children\": [], \"setValue\": null, \"uiElement\": \"500\", \"isSetValue\": false, \"childrenSet\": false, \"hasChildren\": false, \"dataElementType\": \"number\", \"encryption_required\": false}], \"mapCondition\": {\"isConditionSet\": false, \"sourceTreeIndex\": [], \"targetTreeIndex\": [], \"mapConditionFormValue\": {}}, \"variableSubstitution\": false, \"overwritePipelineValue\": false}]}, {\"/Set error responseInput/Message\": [{\"type\": \"setValue\", \"target\": {\"path\": \"/Set error responseInput/Message\", \"order\": 1, \"title\": \"Message\", \"dataElementType\": \"string\"}, \"values\": [{\"id\": \"9fef6444-9607-4915-bb2f-234bc9448abf\", \"key\": \"/Set error responseInput/Message\", \"type\": \"node\", \"order\": 1, \"title\": \"Message\", \"children\": [], \"setValue\": null, \"uiElement\": \"Internal Server Error\", \"isSetValue\": false, \"childrenSet\": false, \"hasChildren\": false, \"dataElementType\": \"string\", \"encryption_required\": false}], \"mapCondition\": {\"isConditionSet\": false, \"sourceTreeIndex\": [], \"targetTreeIndex\": [], \"mapConditionFormValue\": {}}, \"variableSubstitution\": false, \"overwritePipelineValue\": false}]}], \"mappedNodes\": [\"/Set error responseOutputactionOut\", \"/Set error responseOutputpipeOut\", \"/Set error responseInput/Status actionIn\", \"/Set error responseInput actionIn\", \"/Set error responseInput/Message actionIn\", \"/Set error responseInput actionIn\", \"/Set error responseOutput/Response/ResponseBody\", \"/watchlistserviceOutput/ResponseBodypipeOut\", \"/Set error responseOutput/Response/ResponseStatus\", \"/watchlistserviceOutput/ResponseStatuspipeOut\"]}",
    "null" : false
  },
  "output_structure_json" : {
    "type" : "jsonb",
    "value" : "{\"maps\": [{\"/Set error responseOutput\": [{\"type\": \"map\", \"source\": {\"path\": \"/Set error responseOutput\", \"title\": \"Set error responseOutput\", \"dataElementType\": \"document\"}, \"target\": {\"path\": \"/Set error responseOutput\", \"order\": 1, \"title\": \"Set error responseOutput\", \"dataElementType\": \"document\"}, \"mapCondition\": {\"isConditionSet\": false, \"sourceTreeIndex\": [], \"targetTreeIndex\": [], \"mapConditionFormValue\": {}}}]}, {\"/watchlistserviceOutput/ResponseBody\": [{\"type\": \"map\", \"source\": {\"path\": \"/Set error responseOutput/Response/ResponseBody\", \"title\": \"ResponseBody\", \"dataElementType\": \"document\"}, \"target\": {\"path\": \"/watchlistserviceOutput/ResponseBody\", \"order\": 1, \"title\": \"ResponseBody\", \"dataElementType\": \"document\"}, \"mapCondition\": {\"isConditionSet\": false, \"sourceTreeIndex\": [], \"targetTreeIndex\": [], \"mapConditionFormValue\": {}}}]}, {\"/watchlistserviceOutput/ResponseStatus\": [{\"type\": \"map\", \"source\": {\"path\": \"/Set error responseOutput/Response/ResponseStatus\", \"title\": \"ResponseStatus\", \"dataElementType\": \"number\"}, \"target\": {\"path\": \"/watchlistserviceOutput/ResponseStatus\", \"order\": 1, \"title\": \"ResponseStatus\", \"dataElementType\": \"string\"}, \"mapCondition\": {\"isConditionSet\": false, \"sourceTreeIndex\": [], \"targetTreeIndex\": [], \"mapConditionFormValue\": {}}}]}], \"tracks\": {}, \"transformer\": []}",
    "null" : false
  },
  "endpoint_structure_json" : {
    "type" : "jsonb",
    "value" : "{\"maps\": []}",
    "null" : false
  },
  "is_error" : false,
  "no_of_errors" : 0,
  "action_input_type" : null,
  "config_service_id" : "178b9b14-1a67-4e56-99d7-71a8d7b00d2d",
  "config_imap_id" : null,
  "config_b2b_document_type_id" : null,
  "config_document_id" : null,
  "add_variables" : {
    "type" : "jsonb",
    "value" : "[]",
    "null" : false
  },
  "drop_variables" : {
    "type" : "jsonb",
    "value" : "[]",
    "null" : false
  },
  "plug_input_structure" : null,
  "plug_output_structure" : null,
  "config_plug_id" : null,
  "override_plug" : false,
  "config_java_service_id" : null,
  "service_tag" : "EMPTY",
  "endpoint_tag" : null,
  "config_service_tag" : "EMPTY",
  "config_imap_tag" : "",
  "config_b2b_document_type_tag" : "",
  "active" : true,
  "parent_component_config_service_tag" : "EMPTY",
  "service_project_id" : "d15a3eea-56b1-4b22-8e37-6a178b5611d5",
  "service_project_tag" : "EMPTY",
  "config_service_project_id" : "d15a3eea-56b1-4b22-8e37-6a178b5611d5",
  "config_service_project_tag" : "EMPTY",
  "config_imap_project_id" : null,
  "config_imap_project_tag" : "",
  "config_b2b_document_type_project_id" : null,
  "config_b2b_document_type_project_tag" : "",
  "endpoint_project_id" : null,
  "endpoint_project_tag" : null,
  "config_plug_tag" : null,
  "config_plug_project_id" : null,
  "config_plug_project_tag" : null,
  "config_java_service_tag" : "",
  "config_java_service_project_id" : null,
  "config_java_service_project_tag" : "",
  "disabled" : false,
  "config" : {
    "type" : "json",
    "value" : "{\"serviceProjectName\":\"LB_StockQuoteFH2\"}",
    "null" : false
  },
  "config_b2b_document_type_project_mode_id" : "112c1cb8-4b9e-4d1a-a042-0bd031dc7d05",
  "config_imap_project_mode_id" : "112c1cb8-4b9e-4d1a-a042-0bd031dc7d05",
  "config_java_service_project_mode_id" : "112c1cb8-4b9e-4d1a-a042-0bd031dc7d05",
  "config_plug_project_mode_id" : "112c1cb8-4b9e-4d1a-a042-0bd031dc7d05",
  "config_service_project_mode_id" : "112c1cb8-4b9e-4d1a-a042-0bd031dc7d05",
  "endpoint_project_mode_id" : "112c1cb8-4b9e-4d1a-a042-0bd031dc7d05",
  "service_project_mode_id" : "112c1cb8-4b9e-4d1a-a042-0bd031dc7d05",
  "parent_component_config_service_project_mode_id" : "112c1cb8-4b9e-4d1a-a042-0bd031dc7d05",
  "is_audit" : true,
  "keys_with_order" : null
}