{
  "document_type_id" : "daed9b73-c121-4ae1-9867-6a6caca906af",
  "name" : "QuoteResponse",
  "description" : "Quote Response",
  "version" : null,
  "business_document_type_id" : null,
  "document_format_id" : "edc154a0-55fc-11e9-8647-d663bd873d93",
  "root_tag" : null,
  "structure" : {
    "type" : "jsonb",
    "value" : "[{\"key\": \"/Quote\", \"type\": \"object\", \"order\": 1.0, \"title\": \"Quote\", \"value\": {\"type\": \"object\", \"requiredFlag\": false}, \"isLeaf\": false, \"children\": [{\"key\": \"/Quote/Symbol\", \"type\": \"string\", \"order\": 2.0, \"title\": \"Symbol\", \"value\": {\"type\": \"string\", \"requiredFlag\": false}, \"isLeaf\": true, \"childrenSet\": false, \"hasChildren\": false, \"dataElementType\": \"string\", \"encryption_required\": false}, {\"key\": \"/Quote/Name\", \"type\": \"string\", \"order\": 3.0, \"title\": \"Name\", \"value\": {\"type\": \"string\", \"requiredFlag\": false}, \"isLeaf\": true, \"childrenSet\": false, \"hasChildren\": false, \"dataElementType\": \"string\", \"encryption_required\": false}, {\"key\": \"/Quote/Logo\", \"type\": \"string\", \"order\": 4.0, \"title\": \"Logo\", \"value\": {\"type\": \"string\", \"requiredFlag\": false}, \"isLeaf\": true, \"childrenSet\": false, \"hasChildren\": false, \"dataElementType\": \"string\", \"encryption_required\": false}, {\"key\": \"/Quote/ChangePercent\", \"type\": \"number\", \"order\": 5.0, \"title\": \"ChangePercent\", \"value\": {\"type\": \"number\", \"requiredFlag\": false}, \"isLeaf\": true, \"childrenSet\": false, \"hasChildren\": false, \"dataElementType\": \"number\", \"encryption_required\": false}, {\"key\": \"/Quote/Price\", \"type\": \"number\", \"order\": 6.0, \"title\": \"Price\", \"value\": {\"type\": \"number\", \"requiredFlag\": false}, \"isLeaf\": true, \"childrenSet\": false, \"hasChildren\": false, \"dataElementType\": \"number\", \"encryption_required\": false}, {\"key\": \"/Quote/Change\", \"type\": \"number\", \"order\": 7.0, \"title\": \"Change\", \"value\": {\"type\": \"number\", \"requiredFlag\": false}, \"isLeaf\": true, \"childrenSet\": false, \"hasChildren\": false, \"dataElementType\": \"number\", \"encryption_required\": false}, {\"key\": \"/Quote/DayHigh\", \"type\": \"number\", \"order\": 8.0, \"title\": \"DayHigh\", \"value\": {\"type\": \"number\", \"requiredFlag\": false}, \"isLeaf\": true, \"childrenSet\": false, \"hasChildren\": false, \"dataElementType\": \"number\", \"encryption_required\": false}, {\"key\": \"/Quote/DayLow\", \"type\": \"number\", \"order\": 9.0, \"title\": \"DayLow\", \"value\": {\"type\": \"number\", \"requiredFlag\": false}, \"isLeaf\": true, \"childrenSet\": false, \"hasChildren\": false, \"dataElementType\": \"number\", \"encryption_required\": false}, {\"key\": \"/Quote/OpenPrice\", \"type\": \"number\", \"order\": 10.0, \"title\": \"OpenPrice\", \"value\": {\"type\": \"number\", \"requiredFlag\": false}, \"isLeaf\": true, \"childrenSet\": false, \"hasChildren\": false, \"dataElementType\": \"number\", \"encryption_required\": false}, {\"key\": \"/Quote/PreviousClose\", \"type\": \"number\", \"order\": 11.0, \"title\": \"PreviousClose\", \"value\": {\"type\": \"number\", \"requiredFlag\": false}, \"isLeaf\": true, \"childrenSet\": false, \"hasChildren\": false, \"dataElementType\": \"number\", \"encryption_required\": false}], \"childrenSet\": false, \"hasChildren\": false, \"dataElementType\": \"document\", \"encryption_required\": false}]",
    "null" : false
  },
  "key_fields" : null,
  "schema" : {
    "type" : "json",
    "value" : "{\"$id\":\"QuoteResponse\",\"$schema\":\"http://json-schema.org/draft-07/schema#\",\"type\":\"object\",\"properties\":{\"Quote\":{\"type\":\"object\",\"title\":\"Quote\",\"properties\":{\"Symbol\":{\"type\":\"string\",\"title\":\"Symbol\",\"default\":\"\",\"examples\":[\"AAPL\"],\"properties\":{},\"pattern\":\"^(.*)$\"},\"Name\":{\"type\":\"string\",\"title\":\"Name\",\"default\":\"\",\"examples\":[\"Apple Inc.\"],\"properties\":{},\"pattern\":\"^(.*)$\"},\"Logo\":{\"type\":\"string\",\"title\":\"Logo\",\"default\":\"\",\"examples\":[\"https://static2.finnhub.io/file/publicdatany/finnhubimage/stock_logo/AAPL.png\"],\"properties\":{},\"pattern\":\"^(.*)$\"},\"ChangePercent\":{\"type\":\"number\",\"title\":\"ChangePercent\",\"default\":0.0,\"examples\":[-1.1023977],\"properties\":{}},\"Price\":{\"type\":\"number\",\"title\":\"Price\",\"default\":0.0,\"examples\":[211.8783],\"properties\":{}},\"Change\":{\"type\":\"number\",\"title\":\"Change\",\"default\":0.0,\"examples\":[-2.3617096],\"properties\":{}},\"DayHigh\":{\"type\":\"number\",\"title\":\"DayHigh\",\"default\":0.0,\"examples\":[215.17],\"properties\":{}},\"DayLow\":{\"type\":\"number\",\"title\":\"DayLow\",\"default\":0.0,\"examples\":[211.3],\"properties\":{}},\"OpenPrice\":{\"type\":\"number\",\"title\":\"OpenPrice\",\"default\":0.0,\"examples\":[261.07],\"properties\":{}},\"PreviousClose\":{\"type\":\"number\",\"title\":\"PreviousClose\",\"default\":0.0,\"examples\":[261.07],\"properties\":{}}}}}}",
    "null" : false
  },
  "source_schema" : "{\n  \"Quote\": {\n    \"Symbol\": \"AAPL\",\n    \"Name\": \"Apple Inc.\",\n    \"Logo\": \"https://static2.finnhub.io/file/publicdatany/finnhubimage/stock_logo/AAPL.png\",\n    \"ChangePercent\": -1.1023977,\n    \"Price\": 211.8783,\n    \"Change\": -2.3617096,\n    \"DayHigh\": 215.17,\n    \"DayLow\": 211.3,\n    \"OpenPrice\": 261.07,\n    \"PreviousClose\": 261.07\n  }\n}\n",
  "type" : "custom",
  "doc_type" : null,
  "source_type" : "jsonsample",
  "ignore_missing_schemas" : false,
  "has_ref_schemas" : null,
  "flat_file_config" : null,
  "active" : false,
  "is_changed" : false,
  "tag" : "V14",
  "comment" : "Fixed quote error related to non 200 finnhub quote response",
  "base_tag" : "V13"
}