{
  "id" : "df0b9808-b57f-43e6-b901-f40d74d95b12",
  "type" : "apikey",
  "project_tag" : "V9",
  "name" : "APIKey",
  "description" : "APIKey",
  "apikey_key_name" : "x-api-key",
  "entity_id" : "255397bb-2c62-4f8a-83d3-1f48e3b1c071",
  "jwks_uri" : null,
  "jwks_timeout" : null,
  "cache_duration" : null,
  "clock_skew" : null,
  "client_id_key" : null,
  "issuer" : null,
  "audiences" : {
    "type" : "jsonb",
    "value" : "[]",
    "null" : false
  },
  "flows" : {
    "type" : "jsonb",
    "value" : "[]",
    "null" : false
  },
  "scopes" : {
    "type" : "jsonb",
    "value" : "{}",
    "null" : false
  },
  "scopes_claim" : "scp",
  "forward_credentials_on_success" : false,
  "forward_payload_header" : null,
  "identity_provider_id" : null,
  "apikey_location" : "HEADER"
}