{
  "id" : "178b9b14-1a67-4e56-99d7-71a8d7b00d2d",
  "name" : "Set error response",
  "description" : "Set error response",
  "iserror" : false,
  "no_of_errors" : 0,
  "service_input" : {
    "type" : "jsonb",
    "value" : "[{\"id\": \"8ca1f56e-445c-4d29-81a1-60afb45979c6\", \"key\": \"/Set error responseInput\", \"type\": \"object\", \"order\": 1, \"title\": \"Set error responseInput\", \"value\": {\"type\": \"object\"}, \"isLeaf\": false, \"children\": [{\"id\": \"2215b15a-a354-458c-8a85-12bb9d931f6a\", \"key\": \"/Set error responseInput/Message\", \"edit\": false, \"type\": \"node\", \"order\": 1, \"title\": \"Message\", \"value\": {\"type\": \"string\"}, \"children\": [], \"editAllow\": true, \"dataElementType\": \"string\"}, {\"id\": \"662b671a-beac-4bd3-80a2-76b933713463\", \"key\": \"/Set error responseInput/Status\", \"edit\": false, \"type\": \"node\", \"order\": 1, \"title\": \"Status\", \"value\": {\"type\": \"number\"}, \"children\": [], \"editAllow\": true, \"dataElementType\": \"number\"}], \"childrenSet\": false, \"hasChildren\": false, \"dataElementType\": \"document\", \"documentReference\": [], \"encryption_required\": false}]",
    "null" : false
  },
  "service_output" : {
    "type" : "jsonb",
    "value" : "[{\"id\": \"0022d102-2b3a-4323-a931-e463fd6a4e8e\", \"key\": \"/Set error responseOutput\", \"type\": \"object\", \"order\": 1, \"title\": \"Set error responseOutput\", \"value\": {\"type\": \"object\"}, \"isLeaf\": false, \"children\": [{\"id\": \"ce8d4a01-b3d6-45b9-89c4-3a0e45aeae39\", \"key\": \"/Set error responseOutput/Response\", \"edit\": false, \"type\": \"node\", \"order\": 1, \"title\": \"Response\", \"value\": {\"type\": \"object\"}, \"children\": [{\"id\": \"aab012aa-b6c0-4bb4-bfc2-910b27304072\", \"key\": \"/Set error responseOutput/Response/ResponseBody\", \"type\": \"node\", \"order\": 1, \"title\": \"ResponseBody\", \"value\": {\"type\": \"array\"}, \"children\": [], \"editAllow\": true, \"childrenSet\": false, \"hasChildren\": false, \"dataElementType\": \"document\", \"encryption_required\": false}, {\"id\": \"ca4104cc-0428-47ba-99b1-673281be5bd0\", \"key\": \"/Set error responseOutput/Response/ResponseStatus\", \"edit\": false, \"type\": \"node\", \"order\": 1, \"title\": \"ResponseStatus\", \"value\": {\"type\": \"number\"}, \"children\": [], \"editAllow\": true, \"dataElementType\": \"number\"}], \"editAllow\": true, \"dataElementType\": \"document\"}], \"childrenSet\": false, \"hasChildren\": false, \"dataElementType\": \"document\", \"documentReference\": [], \"encryption_required\": false}]",
    "null" : false
  },
  "service_input_json_schema" : {
    "type" : "jsonb",
    "value" : "{\"required\": [], \"properties\": {\"Set error responseInput\": {\"type\": \"object\", \"required\": [], \"properties\": {\"Status\": {\"type\": \"number\"}, \"Message\": {\"type\": \"string\"}}, \"additionalProperties\": false}}, \"additionalProperties\": false}",
    "null" : false
  },
  "service_output_json_schema" : {
    "type" : "jsonb",
    "value" : "{\"required\": [], \"properties\": {\"Set error responseOutput\": {\"type\": \"object\", \"required\": [], \"properties\": {\"Response\": {\"type\": \"object\"}}, \"additionalProperties\": false}}, \"additionalProperties\": false}",
    "null" : false
  },
  "type" : "SERVICE",
  "error_handler" : false,
  "tag" : "V14",
  "active" : false,
  "is_changed" : false,
  "comment" : "Fixed quote error related to non 200 finnhub quote response",
  "base_tag" : "V13",
  "test_input" : {
    "type" : "jsonb",
    "value" : "{}",
    "null" : false
  },
  "test_input_structure" : {
    "type" : "jsonb",
    "value" : "[{\"id\": \"8ca1f56e-445c-4d29-81a1-60afb45979c6\", \"key\": \"/Set error responseInput\", \"type\": \"object\", \"order\": 1, \"title\": \"Set error responseInput\", \"value\": {\"type\": \"object\"}, \"isLeaf\": false, \"children\": [{\"id\": \"2215b15a-a354-458c-8a85-12bb9d931f6a\", \"key\": \"/Set error responseInput/Message\", \"edit\": false, \"type\": \"node\", \"order\": 1, \"title\": \"Message\", \"value\": {\"type\": \"string\"}, \"children\": [], \"editAllow\": true, \"dataElementType\": \"string\"}, {\"id\": \"662b671a-beac-4bd3-80a2-76b933713463\", \"key\": \"/Set error responseInput/Status\", \"edit\": false, \"type\": \"node\", \"order\": 1, \"title\": \"Status\", \"value\": {\"type\": \"number\"}, \"children\": [], \"editAllow\": true, \"dataElementType\": \"number\"}], \"childrenSet\": false, \"hasChildren\": false, \"dataElementType\": \"document\", \"documentReference\": [], \"encryption_required\": false}]",
    "null" : false
  }
}