{
  "document_type_id" : "42c5a123-2749-41e6-83e9-c6493a8971ca",
  "name" : "Watch list array",
  "description" : "Watch list array",
  "version" : null,
  "business_document_type_id" : null,
  "document_format_id" : "edc154a0-55fc-11e9-8647-d663bd873d93",
  "root_tag" : null,
  "structure" : {
    "type" : "jsonb",
    "value" : "[{\"key\": \"/JsonArray[]\", \"type\": \"array\", \"order\": 1.0, \"title\": \"JsonArray\", \"value\": {\"type\": \"array\", \"requiredFlag\": false}, \"isLeaf\": false, \"children\": [{\"key\": \"/JsonArray[]/ChangePercent\", \"type\": \"number\", \"order\": 2.0, \"title\": \"ChangePercent\", \"value\": {\"type\": \"number\", \"requiredFlag\": false}, \"isLeaf\": true, \"childrenSet\": false, \"hasChildren\": false, \"dataElementType\": \"number\", \"encryption_required\": false}, {\"key\": \"/JsonArray[]/Price\", \"type\": \"number\", \"order\": 3.0, \"title\": \"Price\", \"value\": {\"type\": \"number\", \"requiredFlag\": false}, \"isLeaf\": true, \"childrenSet\": false, \"hasChildren\": false, \"dataElementType\": \"number\", \"encryption_required\": false}, {\"key\": \"/JsonArray[]/Change\", \"type\": \"number\", \"order\": 4.0, \"title\": \"Change\", \"value\": {\"type\": \"number\", \"requiredFlag\": false}, \"isLeaf\": true, \"childrenSet\": false, \"hasChildren\": false, \"dataElementType\": \"number\", \"encryption_required\": false}, {\"key\": \"/JsonArray[]/Volume\", \"type\": \"integer\", \"order\": 5.0, \"title\": \"Volume\", \"value\": {\"type\": \"integer\", \"requiredFlag\": false}, \"isLeaf\": true, \"childrenSet\": false, \"hasChildren\": false, \"dataElementType\": \"integer\", \"encryption_required\": false}, {\"key\": \"/JsonArray[]/Name\", \"type\": \"string\", \"order\": 6.0, \"title\": \"Name\", \"value\": {\"type\": \"string\", \"requiredFlag\": false}, \"isLeaf\": true, \"childrenSet\": false, \"hasChildren\": false, \"dataElementType\": \"string\", \"encryption_required\": false}, {\"key\": \"/JsonArray[]/Symbol\", \"type\": \"string\", \"order\": 7.0, \"title\": \"Symbol\", \"value\": {\"type\": \"string\", \"requiredFlag\": false}, \"isLeaf\": true, \"childrenSet\": false, \"hasChildren\": false, \"dataElementType\": \"string\", \"encryption_required\": false}], \"childrenSet\": false, \"hasChildren\": false, \"dataElementType\": \"documentArray\", \"encryption_required\": false}]",
    "null" : false
  },
  "key_fields" : null,
  "schema" : {
    "type" : "json",
    "value" : "{\"$id\":\"Watch list array\",\"$schema\":\"http://json-schema.org/draft-07/schema#\",\"type\":\"object\",\"properties\":{\"JsonArray\":{\"type\":\"array\",\"title\":\"JsonArray\",\"properties\":{},\"items\":{\"type\":\"object\",\"properties\":{\"ChangePercent\":{\"type\":\"number\",\"title\":\"ChangePercent\",\"default\":0.0,\"examples\":[-1.1023977],\"properties\":{}},\"Price\":{\"type\":\"number\",\"title\":\"Price\",\"default\":0.0,\"examples\":[211.8783],\"properties\":{}},\"Change\":{\"type\":\"number\",\"title\":\"Change\",\"default\":0.0,\"examples\":[-2.3617096],\"properties\":{}},\"Volume\":{\"type\":\"integer\",\"title\":\"Volume\",\"default\":0,\"examples\":[51014294],\"properties\":{}},\"Name\":{\"type\":\"string\",\"title\":\"Name\",\"default\":\"\",\"examples\":[\"Apple\"],\"properties\":{},\"pattern\":\"^(.*)$\"},\"Symbol\":{\"type\":\"string\",\"title\":\"Symbol\",\"default\":\"\",\"examples\":[\"AAPL\"],\"properties\":{},\"pattern\":\"^(.*)$\"}}}}}}",
    "null" : false
  },
  "source_schema" : "{\"JsonArray\" :[\n    {\n        \"ChangePercent\": -1.1023977,\n        \"Price\": 211.8783,\n        \"Change\": -2.3617096,\n        \"Volume\": 51014294,\n        \"Name\": \"Apple\",\n        \"Symbol\": \"AAPL\"\n    }\n]\n}",
  "type" : "custom",
  "doc_type" : null,
  "source_type" : "jsonsample",
  "ignore_missing_schemas" : false,
  "has_ref_schemas" : null,
  "flat_file_config" : null,
  "active" : true,
  "is_changed" : false,
  "tag" : "EMPTY",
  "comment" : null,
  "base_tag" : "V11"
}