{
  "id" : "c3ad1946-6be5-4a90-8c7f-2a9b2526ac5b",
  "name" : "quoteservice",
  "description" : "quote service",
  "iserror" : false,
  "no_of_errors" : 0,
  "service_input" : {
    "type" : "jsonb",
    "value" : "[{\"id\": \"61877b53-2d7f-488b-a7a5-76dc4361b43d\", \"key\": \"/quoteserviceInput\", \"type\": \"object\", \"order\": 1, \"title\": \"quoteserviceInput\", \"value\": {\"type\": \"object\"}, \"isLeaf\": false, \"children\": [{\"id\": \"0c9bbdc0-3e75-41fa-a471-07056e8323b6\", \"key\": \"/quoteserviceInput/Symbol\", \"edit\": false, \"type\": \"node\", \"order\": 1, \"title\": \"Symbol\", \"value\": {\"type\": \"string\"}, \"children\": [], \"editAllow\": true, \"dataElementType\": \"string\"}], \"childrenSet\": false, \"hasChildren\": false, \"dataElementType\": \"document\", \"documentReference\": [], \"encryption_required\": false}]",
    "null" : false
  },
  "service_output" : {
    "type" : "jsonb",
    "value" : "[{\"id\": \"735e2a9f-fc21-46fb-beae-8b0c4ce1b9f7\", \"key\": \"/quoteserviceOutput\", \"type\": \"object\", \"order\": 1, \"title\": \"quoteserviceOutput\", \"value\": {\"type\": \"object\"}, \"isLeaf\": false, \"children\": [{\"id\": \"87d8f3fd-bc3e-49d4-8f51-6eaa8e6e9980\", \"key\": \"/quoteserviceOutput/ResponseStatus\", \"edit\": false, \"type\": \"node\", \"order\": 1, \"title\": \"ResponseStatus\", \"value\": {\"type\": \"string\"}, \"children\": [], \"editAllow\": true, \"dataElementType\": \"string\"}, {\"id\": \"5951819f-0fdd-445c-8866-5c19af9bb10e\", \"key\": \"/quoteserviceOutput/ResponseBody\", \"edit\": false, \"type\": \"node\", \"order\": 1, \"title\": \"ResponseBody\", \"value\": {\"type\": \"array\"}, \"children\": [], \"editAllow\": true, \"dataElementType\": \"document\"}], \"childrenSet\": false, \"hasChildren\": false, \"dataElementType\": \"document\", \"documentReference\": [], \"encryption_required\": false}]",
    "null" : false
  },
  "service_input_json_schema" : {
    "type" : "jsonb",
    "value" : "{\"required\": [], \"properties\": {\"quoteserviceInput\": {\"type\": \"object\", \"required\": [], \"properties\": {\"Symbol\": {\"type\": \"string\"}}, \"additionalProperties\": false}}, \"additionalProperties\": false}",
    "null" : false
  },
  "service_output_json_schema" : {
    "type" : "jsonb",
    "value" : "{\"required\": [], \"properties\": {\"quoteserviceOutput\": {\"type\": \"object\", \"required\": [], \"properties\": {\"ResponseBody\": {\"type\": \"array\"}, \"ResponseStatus\": {\"type\": \"string\"}}, \"additionalProperties\": false}}, \"additionalProperties\": false}",
    "null" : false
  },
  "type" : "SERVICE",
  "error_handler" : false,
  "tag" : "V9",
  "active" : false,
  "is_changed" : false,
  "comment" : "Cleanup",
  "base_tag" : "V8",
  "test_input" : {
    "type" : "jsonb",
    "value" : "{}",
    "null" : false
  },
  "test_input_structure" : {
    "type" : "jsonb",
    "value" : "[{\"id\": \"61877b53-2d7f-488b-a7a5-76dc4361b43d\", \"key\": \"/quoteserviceInput\", \"type\": \"object\", \"order\": 1, \"title\": \"quoteserviceInput\", \"value\": {\"type\": \"object\"}, \"isLeaf\": false, \"children\": [{\"id\": \"0c9bbdc0-3e75-41fa-a471-07056e8323b6\", \"key\": \"/quoteserviceInput/Symbol\", \"edit\": false, \"type\": \"node\", \"order\": 1, \"title\": \"Symbol\", \"value\": {\"type\": \"string\"}, \"children\": [], \"editAllow\": true, \"dataElementType\": \"string\"}], \"childrenSet\": false, \"hasChildren\": false, \"dataElementType\": \"document\", \"documentReference\": [], \"encryption_required\": false}]",
    "null" : false
  }
}