{
  "id" : "cec88078-9a09-46cd-8fe2-2dc3f889f99d",
  "name" : "quote_https2",
  "description" : "single stock quote with service",
  "iserror" : false,
  "no_of_errors" : 0,
  "service_input" : null,
  "service_output" : null,
  "service_input_json_schema" : null,
  "service_output_json_schema" : null,
  "type" : "EVENTDRIVEN",
  "error_handler" : false,
  "tag" : "V9",
  "active" : false,
  "is_changed" : false,
  "comment" : "Cleanup",
  "base_tag" : "V8",
  "test_input" : {
    "type" : "jsonb",
    "value" : "[]",
    "null" : false
  },
  "test_input_structure" : {
    "type" : "jsonb",
    "value" : "[]",
    "null" : false
  }
}