{
  "id" : "ba6fb867-511b-4b21-b91b-10fcc1fc8891",
  "name" : "watchlistservice",
  "description" : "watchlist service",
  "iserror" : false,
  "no_of_errors" : 0,
  "service_input" : {
    "type" : "jsonb",
    "value" : "[{\"id\": \"b220239b-2db2-44c3-8250-cb863a4ed04a\", \"key\": \"/watchlistserviceInput\", \"type\": \"object\", \"order\": 1, \"title\": \"watchlistserviceInput\", \"value\": {\"type\": \"object\"}, \"isLeaf\": false, \"children\": [{\"id\": \"9bf6a1cd-32d7-420d-944f-2435f9cbdb77\", \"key\": \"/watchlistserviceInput/symbols\", \"edit\": false, \"type\": \"node\", \"order\": 1, \"title\": \"symbols\", \"value\": {\"type\": \"string\"}, \"children\": [], \"editAllow\": true, \"dataElementType\": \"string\"}], \"childrenSet\": false, \"hasChildren\": false, \"dataElementType\": \"document\", \"documentReference\": [], \"encryption_required\": false}]",
    "null" : false
  },
  "service_output" : {
    "type" : "jsonb",
    "value" : "[{\"id\": \"c84e77cc-49ae-4e39-b376-a18f65d9079e\", \"key\": \"/watchlistserviceOutput\", \"type\": \"object\", \"order\": 1, \"title\": \"watchlistserviceOutput\", \"value\": {\"type\": \"object\"}, \"isLeaf\": false, \"children\": [{\"id\": \"6109247c-c93a-4084-9f58-b5de1062b474\", \"key\": \"/watchlistserviceOutput/ResponseStatus\", \"edit\": false, \"type\": \"node\", \"order\": 1, \"title\": \"ResponseStatus\", \"value\": {\"type\": \"string\"}, \"children\": [], \"editAllow\": true, \"dataElementType\": \"string\"}, {\"id\": \"26a29a95-a9f1-4af1-aaf3-5e40e8603068\", \"key\": \"/watchlistserviceOutput/ResponseBody\", \"edit\": false, \"type\": \"node\", \"order\": 1, \"title\": \"ResponseBody\", \"value\": {\"type\": \"array\"}, \"children\": [], \"editAllow\": true, \"dataElementType\": \"document\"}], \"childrenSet\": false, \"hasChildren\": false, \"dataElementType\": \"document\", \"documentReference\": [], \"encryption_required\": false}]",
    "null" : false
  },
  "service_input_json_schema" : {
    "type" : "jsonb",
    "value" : "{\"required\": [], \"properties\": {\"watchlistserviceInput\": {\"type\": \"object\", \"required\": [], \"properties\": {\"symbols\": {\"type\": \"string\"}}, \"additionalProperties\": false}}, \"additionalProperties\": false}",
    "null" : false
  },
  "service_output_json_schema" : {
    "type" : "jsonb",
    "value" : "{\"required\": [], \"properties\": {\"watchlistserviceOutput\": {\"type\": \"object\", \"required\": [], \"properties\": {\"ResponseBody\": {\"type\": \"array\"}, \"ResponseStatus\": {\"type\": \"string\"}}, \"additionalProperties\": false}}, \"additionalProperties\": false}",
    "null" : false
  },
  "type" : "SERVICE",
  "error_handler" : false,
  "tag" : "V9",
  "active" : false,
  "is_changed" : false,
  "comment" : "Cleanup",
  "base_tag" : "V8",
  "test_input" : {
    "type" : "jsonb",
    "value" : "{}",
    "null" : false
  },
  "test_input_structure" : {
    "type" : "jsonb",
    "value" : "[{\"id\": \"b220239b-2db2-44c3-8250-cb863a4ed04a\", \"key\": \"/watchlistserviceInput\", \"type\": \"object\", \"order\": 1, \"title\": \"watchlistserviceInput\", \"value\": {\"type\": \"object\"}, \"isLeaf\": false, \"children\": [{\"id\": \"9bf6a1cd-32d7-420d-944f-2435f9cbdb77\", \"key\": \"/watchlistserviceInput/symbols\", \"edit\": false, \"type\": \"node\", \"order\": 1, \"title\": \"symbols\", \"value\": {\"type\": \"string\"}, \"children\": [], \"editAllow\": true, \"dataElementType\": \"string\"}], \"childrenSet\": false, \"hasChildren\": false, \"dataElementType\": \"document\", \"documentReference\": [], \"encryption_required\": false}]",
    "null" : false
  }
}