{
  "component_config_id" : "308b98a6-6738-4e72-853f-f9e99de39854",
  "endpoint_config_json" : {
    "type" : "jsonb",
    "value" : "{\"crossRef\": [], \"services\": [], \"multistep\": [], \"operations\": []}",
    "null" : false
  },
  "input_config_json" : {
    "type" : "jsonb",
    "value" : "{\"crossRef\": [], \"services\": [], \"multistep\": [], \"operations\": []}",
    "null" : false
  },
  "output_config_json" : {
    "type" : "jsonb",
    "value" : "{\"crossRef\": [], \"services\": [], \"multistep\": [], \"operations\": [{\"map\": {\"id\": \"d480ec1c-bffe-49a9-9906-06150cd953c5\", \"root\": false, \"type\": \"setValue\", \"cached\": false, \"target\": \"/ResponseStatus\", \"mapNull\": false, \"disabled\": false, \"extractXml\": false, \"extractJson\": false, \"targetOrder\": 1.0, \"targetValue\": \"400\", \"mapEmptyString\": false, \"targetJavaType\": \"java.lang.Integer\", \"variableSubstitution\": false}}, {\"map\": {\"id\": \"f23680eb-757f-4994-90c4-20c6767a06b8\", \"root\": false, \"type\": \"setValue\", \"cached\": false, \"target\": \"/ResponseBody\", \"mapNull\": false, \"disabled\": false, \"extractXml\": false, \"extractJson\": false, \"targetOrder\": 1.0, \"targetValue\": \"{\\\"message\\\":\\\"Missing symbol\\\"}\", \"mapEmptyString\": false, \"targetJavaType\": \"java.lang.String\", \"variableSubstitution\": false}}]}",
    "null" : false
  },
  "component_id" : "8ac5fe03-27a2-4e6a-a449-6a8893818223",
  "service_id" : "bd3487bf-7da9-4af8-a5ed-3b1f77dd6820",
  "endpoint_id" : null,
  "parent_component_config_id" : "a04f7106-d16d-44c0-b489-bd588cff90d0",
  "component_config_order" : 2.0,
  "action_id" : "06843b78-eab0-45da-afab-8c8277d7553f",
  "name" : "Set 400 output",
  "description" : "",
  "override_endpoint" : false,
  "input_structure_json" : {
    "type" : "jsonb",
    "value" : "{\"maps\": [], \"mappedNodes\": [\"/ResponseStatuspipeOut\", \"/ResponseBodypipeOut\"]}",
    "null" : false
  },
  "output_structure_json" : {
    "type" : "jsonb",
    "value" : "{\"maps\": [{\"/ResponseStatus\": [{\"type\": \"setValue\", \"order\": 1, \"target\": {\"path\": \"/ResponseStatus\", \"order\": 1, \"title\": \"ResponseStatus\", \"dataElementType\": \"integer\"}, \"values\": [{\"id\": \"a95f52cc-9c0a-4995-a172-7e78ad118af4\", \"key\": \"/ResponseStatus\", \"type\": \"node\", \"order\": 1, \"title\": \"ResponseStatus\", \"children\": [], \"setValue\": null, \"editAllow\": true, \"uiElement\": \"400\", \"isSetValue\": false, \"childrenSet\": false, \"hasChildren\": false, \"componentName\": \"Declare vars\", \"dataElementType\": \"integer\", \"componentConfigId\": \"1526c82f-aaa1-485a-b096-d8b5cebcb123\", \"componentConfigName\": \"Map\", \"encryption_required\": false}], \"mapCondition\": {\"isConditionSet\": false, \"sourceTreeIndex\": [], \"targetTreeIndex\": [], \"mapConditionFormValue\": {}}, \"dataElementType\": \"integer\", \"variableSubstitution\": false, \"overwritePipelineValue\": false}]}, {\"/ResponseBody\": [{\"type\": \"setValue\", \"order\": 1, \"target\": {\"path\": \"/ResponseBody\", \"order\": 1, \"title\": \"ResponseBody\", \"dataElementType\": \"string\"}, \"values\": [{\"id\": \"bc5cdd7c-d7b6-464e-9954-1b74a8e4c76e\", \"key\": \"/ResponseBody\", \"type\": \"node\", \"order\": 1, \"title\": \"ResponseBody\", \"children\": [], \"setValue\": null, \"editAllow\": true, \"uiElement\": \"{\\\"message\\\":\\\"Missing symbol\\\"}\", \"isSetValue\": false, \"childrenSet\": false, \"hasChildren\": false, \"componentName\": \"Declare vars\", \"dataElementType\": \"string\", \"componentConfigId\": \"1526c82f-aaa1-485a-b096-d8b5cebcb123\", \"componentConfigName\": \"Map\", \"encryption_required\": false}], \"mapCondition\": {\"isConditionSet\": false, \"sourceTreeIndex\": [], \"targetTreeIndex\": [], \"mapConditionFormValue\": {}}, \"dataElementType\": \"string\", \"variableSubstitution\": false, \"overwritePipelineValue\": false}]}], \"tracks\": {}, \"transformer\": []}",
    "null" : false
  },
  "endpoint_structure_json" : {
    "type" : "jsonb",
    "value" : "{\"maps\": []}",
    "null" : false
  },
  "is_error" : false,
  "no_of_errors" : 0,
  "action_input_type" : null,
  "config_service_id" : null,
  "config_imap_id" : null,
  "config_b2b_document_type_id" : null,
  "config_document_id" : null,
  "add_variables" : {
    "type" : "jsonb",
    "value" : "[]",
    "null" : false
  },
  "drop_variables" : {
    "type" : "jsonb",
    "value" : "[]",
    "null" : false
  },
  "plug_input_structure" : null,
  "plug_output_structure" : null,
  "config_plug_id" : null,
  "override_plug" : false,
  "config_java_service_id" : null,
  "service_tag" : "V9",
  "endpoint_tag" : null,
  "config_service_tag" : "",
  "config_imap_tag" : "",
  "config_b2b_document_type_tag" : "",
  "active" : false,
  "parent_component_config_service_tag" : "V9",
  "service_project_id" : "d15a3eea-56b1-4b22-8e37-6a178b5611d5",
  "service_project_tag" : "V9",
  "config_service_project_id" : null,
  "config_service_project_tag" : "",
  "config_imap_project_id" : null,
  "config_imap_project_tag" : "",
  "config_b2b_document_type_project_id" : null,
  "config_b2b_document_type_project_tag" : "",
  "endpoint_project_id" : null,
  "endpoint_project_tag" : null,
  "config_plug_tag" : null,
  "config_plug_project_id" : null,
  "config_plug_project_tag" : null,
  "config_java_service_tag" : "",
  "config_java_service_project_id" : null,
  "config_java_service_project_tag" : "",
  "disabled" : false,
  "config" : null,
  "config_b2b_document_type_project_mode_id" : "112c1cb8-4b9e-4d1a-a042-0bd031dc7d05",
  "config_imap_project_mode_id" : "112c1cb8-4b9e-4d1a-a042-0bd031dc7d05",
  "config_java_service_project_mode_id" : "112c1cb8-4b9e-4d1a-a042-0bd031dc7d05",
  "config_plug_project_mode_id" : "112c1cb8-4b9e-4d1a-a042-0bd031dc7d05",
  "config_service_project_mode_id" : "112c1cb8-4b9e-4d1a-a042-0bd031dc7d05",
  "endpoint_project_mode_id" : "112c1cb8-4b9e-4d1a-a042-0bd031dc7d05",
  "service_project_mode_id" : "112c1cb8-4b9e-4d1a-a042-0bd031dc7d05",
  "parent_component_config_service_project_mode_id" : "112c1cb8-4b9e-4d1a-a042-0bd031dc7d05",
  "is_audit" : true,
  "keys_with_order" : null
}