{
  "component_config_id" : "d8013827-7840-42d2-8fc6-69ab4a3719e6",
  "endpoint_config_json" : {
    "type" : "jsonb",
    "value" : "{\"crossRef\": [], \"services\": [], \"multistep\": [], \"operations\": []}",
    "null" : false
  },
  "input_config_json" : {
    "type" : "jsonb",
    "value" : "{\"crossRef\": [], \"services\": [], \"multistep\": [], \"operations\": [{\"map\": {\"id\": \"bf5902c5-4898-4675-8e17-2cf7ab38db0e\", \"root\": false, \"type\": \"map\", \"cached\": false, \"source\": \"/HTTPSServerGetOutput/queryParams/symbols\", \"target\": \"/watchlistserviceInput/symbols\", \"mapNull\": false, \"disabled\": false, \"extractXml\": false, \"extractJson\": false, \"targetOrder\": 1.0, \"mapEmptyString\": false, \"sourceJavaType\": \"java.lang.String\", \"targetJavaType\": \"java.lang.String\"}}]}",
    "null" : false
  },
  "output_config_json" : {
    "type" : "jsonb",
    "value" : "{\"crossRef\": [], \"services\": [], \"multistep\": [], \"operations\": [{\"map\": {\"id\": \"ba4b7eb8-3ee3-4ef6-85e9-a865f77168d5\", \"root\": true, \"type\": \"map\", \"cached\": false, \"source\": \"/watchlistserviceOutput\", \"target\": \"/watchlistserviceOutput\", \"mapNull\": false, \"disabled\": false, \"extractXml\": false, \"extractJson\": false, \"targetOrder\": 1.0, \"mapEmptyString\": false}}]}",
    "null" : false
  },
  "component_id" : "756d919f-1b1f-4eab-9f44-2f7b5bbe175c",
  "service_id" : "c9546e28-f427-44f8-bb4e-5bfe0c0cfce9",
  "endpoint_id" : null,
  "parent_component_config_id" : null,
  "component_config_order" : 2.0,
  "action_id" : "8e231fcc-71d0-43f6-9303-70dcb0ca6080",
  "name" : "watch list",
  "description" : "",
  "override_endpoint" : false,
  "input_structure_json" : {
    "type" : "jsonb",
    "value" : "{\"maps\": [{\"/watchlistserviceInput/symbols\": [{\"type\": \"map\", \"source\": {\"path\": \"/HTTPSServerGetOutput/queryParams/symbols\", \"title\": \"symbols\", \"dataElementType\": \"string\"}, \"target\": {\"path\": \"/watchlistserviceInput/symbols\", \"order\": 1, \"title\": \"symbols\", \"dataElementType\": \"string\"}, \"mapCondition\": {\"isConditionSet\": false, \"sourceTreeIndex\": [], \"targetTreeIndex\": [], \"mapConditionFormValue\": {}}}]}], \"mappedNodes\": [\"/watchlistserviceOutputactionOut\", \"/watchlistserviceOutputpipeOut\", \"/HTTPSServerGetOutput/queryParams/symbols pipeIn\", \"/watchlistserviceInput/symbols actionIn\"]}",
    "null" : false
  },
  "output_structure_json" : {
    "type" : "jsonb",
    "value" : "{\"maps\": [{\"/watchlistserviceOutput\": [{\"type\": \"map\", \"source\": {\"path\": \"/watchlistserviceOutput\", \"title\": \"watchlistserviceOutput\", \"dataElementType\": \"document\"}, \"target\": {\"path\": \"/watchlistserviceOutput\", \"order\": 1, \"title\": \"watchlistserviceOutput\", \"dataElementType\": \"document\"}, \"mapCondition\": {\"isConditionSet\": false, \"sourceTreeIndex\": [], \"targetTreeIndex\": [], \"mapConditionFormValue\": {}}}]}], \"tracks\": {}, \"transformer\": []}",
    "null" : false
  },
  "endpoint_structure_json" : {
    "type" : "jsonb",
    "value" : "{\"maps\": []}",
    "null" : false
  },
  "is_error" : false,
  "no_of_errors" : 0,
  "action_input_type" : null,
  "config_service_id" : "ba6fb867-511b-4b21-b91b-10fcc1fc8891",
  "config_imap_id" : null,
  "config_b2b_document_type_id" : null,
  "config_document_id" : null,
  "add_variables" : {
    "type" : "jsonb",
    "value" : "[]",
    "null" : false
  },
  "drop_variables" : {
    "type" : "jsonb",
    "value" : "[]",
    "null" : false
  },
  "plug_input_structure" : null,
  "plug_output_structure" : null,
  "config_plug_id" : null,
  "override_plug" : false,
  "config_java_service_id" : null,
  "service_tag" : "V9",
  "endpoint_tag" : null,
  "config_service_tag" : "EMPTY",
  "config_imap_tag" : "",
  "config_b2b_document_type_tag" : "",
  "active" : false,
  "parent_component_config_service_tag" : "V9",
  "service_project_id" : "d15a3eea-56b1-4b22-8e37-6a178b5611d5",
  "service_project_tag" : "V9",
  "config_service_project_id" : "d15a3eea-56b1-4b22-8e37-6a178b5611d5",
  "config_service_project_tag" : "EMPTY",
  "config_imap_project_id" : null,
  "config_imap_project_tag" : "",
  "config_b2b_document_type_project_id" : null,
  "config_b2b_document_type_project_tag" : "",
  "endpoint_project_id" : null,
  "endpoint_project_tag" : null,
  "config_plug_tag" : null,
  "config_plug_project_id" : null,
  "config_plug_project_tag" : null,
  "config_java_service_tag" : "",
  "config_java_service_project_id" : null,
  "config_java_service_project_tag" : "",
  "disabled" : false,
  "config" : {
    "type" : "json",
    "value" : "{\"serviceProjectName\":\"LB_StockQuoteFH2\"}",
    "null" : false
  },
  "config_b2b_document_type_project_mode_id" : "112c1cb8-4b9e-4d1a-a042-0bd031dc7d05",
  "config_imap_project_mode_id" : "112c1cb8-4b9e-4d1a-a042-0bd031dc7d05",
  "config_java_service_project_mode_id" : "112c1cb8-4b9e-4d1a-a042-0bd031dc7d05",
  "config_plug_project_mode_id" : "112c1cb8-4b9e-4d1a-a042-0bd031dc7d05",
  "config_service_project_mode_id" : "112c1cb8-4b9e-4d1a-a042-0bd031dc7d05",
  "endpoint_project_mode_id" : "112c1cb8-4b9e-4d1a-a042-0bd031dc7d05",
  "service_project_mode_id" : "112c1cb8-4b9e-4d1a-a042-0bd031dc7d05",
  "parent_component_config_service_project_mode_id" : "112c1cb8-4b9e-4d1a-a042-0bd031dc7d05",
  "is_audit" : true,
  "keys_with_order" : null
}