{
  "component_config_id" : "67792a6b-7ad6-4635-803c-e23f36444f63",
  "endpoint_config_json" : {
    "type" : "jsonb",
    "value" : "{\"crossRef\": [], \"services\": [], \"multistep\": [], \"operations\": []}",
    "null" : false
  },
  "input_config_json" : {
    "type" : "jsonb",
    "value" : "{\"crossRef\": [], \"services\": [], \"multistep\": [], \"operations\": [{\"map\": {\"id\": \"5c02f3a2-c195-4622-8c57-bf7763b4e8e3\", \"root\": false, \"type\": \"map\", \"cached\": false, \"source\": \"/get-watchlistAPIServerRequest/queryParams/symbols\", \"target\": \"/watchlistserviceInput/symbols\", \"mapNull\": false, \"disabled\": false, \"extractXml\": false, \"extractJson\": false, \"targetOrder\": 1.0, \"mapEmptyString\": false, \"sourceJavaType\": \"java.lang.String\", \"targetJavaType\": \"java.lang.String\"}}]}",
    "null" : false
  },
  "output_config_json" : {
    "type" : "jsonb",
    "value" : "{\"crossRef\": [], \"services\": [], \"multistep\": [], \"operations\": [{\"map\": {\"id\": \"b8e9e3c8-ea0a-4dae-af00-0bf76b8d2c15\", \"root\": true, \"type\": \"map\", \"cached\": false, \"source\": \"/watchlistserviceOutput\", \"target\": \"/watchlistserviceOutput\", \"mapNull\": false, \"disabled\": false, \"extractXml\": false, \"extractJson\": false, \"targetOrder\": 1.0, \"mapEmptyString\": false}}, {\"map\": {\"id\": \"efb44c4d-ebd5-482f-953a-c40a3be901eb\", \"root\": false, \"type\": \"map\", \"cached\": false, \"source\": \"/watchlistserviceOutput/ResponseStatus\", \"target\": \"/status\", \"mapNull\": false, \"disabled\": false, \"extractXml\": false, \"extractJson\": false, \"targetOrder\": 1.0, \"mapEmptyString\": false, \"sourceJavaType\": \"java.lang.String\", \"targetJavaType\": \"java.lang.String\"}}, {\"map\": {\"id\": \"ebc2490a-bff6-4b48-bf5e-6775940914f4\", \"root\": true, \"type\": \"map\", \"cached\": false, \"source\": \"/watchlistserviceOutput/ResponseBody\", \"target\": \"/get-watchlistAPIServerResponse/200\", \"mapNull\": false, \"disabled\": false, \"extractXml\": false, \"extractJson\": false, \"targetOrder\": 1.0, \"mapEmptyString\": false}}, {\"map\": {\"id\": \"90486179-70a2-4d4b-aa9b-9b825dc53385\", \"root\": true, \"type\": \"map\", \"cached\": false, \"source\": \"/watchlistserviceOutput/ResponseBody\", \"target\": \"/get-watchlistAPIServerResponse/204\", \"mapNull\": false, \"disabled\": false, \"extractXml\": false, \"extractJson\": false, \"targetOrder\": 1.0, \"mapEmptyString\": false}}, {\"map\": {\"id\": \"d52ff44d-f07b-4d79-87f7-651dc7ee7910\", \"root\": true, \"type\": \"map\", \"cached\": false, \"source\": \"/watchlistserviceOutput/ResponseBody\", \"target\": \"/get-watchlistAPIServerResponse/400\", \"mapNull\": false, \"disabled\": false, \"extractXml\": false, \"extractJson\": false, \"targetOrder\": 1.0, \"mapEmptyString\": false}}, {\"map\": {\"id\": \"bfc724fd-7c42-41f4-a7b0-829b6df528ea\", \"root\": true, \"type\": \"map\", \"cached\": false, \"source\": \"/watchlistserviceOutput/ResponseBody\", \"target\": \"/get-watchlistAPIServerResponse/500\", \"mapNull\": false, \"disabled\": false, \"extractXml\": false, \"extractJson\": false, \"targetOrder\": 1.0, \"mapEmptyString\": false}}, {\"map\": {\"id\": \"3e34c29e-f76d-4c93-ac8a-43a649e61cb1\", \"root\": false, \"type\": \"setValue\", \"cached\": false, \"target\": \"/get-watchlistAPIServerResponse/204/responseHeaders/content-type\", \"mapNull\": false, \"disabled\": false, \"extractXml\": false, \"extractJson\": false, \"targetOrder\": 8.0, \"targetValue\": \"application/json\", \"mapEmptyString\": false, \"targetJavaType\": \"java.lang.String\", \"variableSubstitution\": false}}, {\"map\": {\"id\": \"302707da-81b2-4b26-bbd8-1c73dadd295d\", \"root\": false, \"type\": \"setValue\", \"cached\": false, \"target\": \"/get-watchlistAPIServerResponse/200/responseHeaders/content-type\", \"mapNull\": false, \"disabled\": false, \"extractXml\": false, \"extractJson\": false, \"targetOrder\": 14.0, \"targetValue\": \"application/json\", \"mapEmptyString\": false, \"targetJavaType\": \"java.lang.String\", \"variableSubstitution\": false}}, {\"map\": {\"id\": \"537093d4-ae68-4a19-a6f5-9415261bd932\", \"root\": false, \"type\": \"setValue\", \"cached\": false, \"target\": \"/get-watchlistAPIServerResponse/400/responseHeaders/Content-Type\", \"mapNull\": false, \"disabled\": false, \"extractXml\": false, \"extractJson\": false, \"targetOrder\": 13.0, \"targetValue\": \"application/json\", \"mapEmptyString\": false, \"targetJavaType\": \"java.lang.String\", \"variableSubstitution\": false}}, {\"map\": {\"id\": \"e671695f-a912-4fdf-97a9-1b9e4d26624a\", \"root\": false, \"type\": \"setValue\", \"cached\": false, \"target\": \"/get-watchlistAPIServerResponse/500/responseHeaders/content-type\", \"mapNull\": false, \"disabled\": false, \"extractXml\": false, \"extractJson\": false, \"targetOrder\": 8.0, \"targetValue\": \"application/json\", \"mapEmptyString\": false, \"targetJavaType\": \"java.lang.String\", \"variableSubstitution\": false}}]}",
    "null" : false
  },
  "component_id" : "756d919f-1b1f-4eab-9f44-2f7b5bbe175c",
  "service_id" : "4282986d-b910-45f7-9843-6a6c12b79229",
  "endpoint_id" : null,
  "parent_component_config_id" : "ef4a60aa-71e2-4b93-8dc6-39715281cdde",
  "component_config_order" : 0.5,
  "action_id" : "8e231fcc-71d0-43f6-9303-70dcb0ca6080",
  "name" : "Call watchlistservice",
  "description" : "",
  "override_endpoint" : false,
  "input_structure_json" : {
    "type" : "jsonb",
    "value" : "{\"maps\": [{\"/watchlistserviceInput/symbols\": [{\"type\": \"map\", \"source\": {\"path\": \"/get-watchlistAPIServerRequest/queryParams/symbols\", \"title\": \"symbols\", \"dataElementType\": \"string\"}, \"target\": {\"path\": \"/watchlistserviceInput/symbols\", \"order\": 1, \"title\": \"symbols\", \"dataElementType\": \"string\"}, \"mapCondition\": {\"isConditionSet\": false, \"sourceTreeIndex\": [], \"targetTreeIndex\": [], \"mapConditionFormValue\": {}}}]}], \"mappedNodes\": [\"/watchlistserviceOutputactionOut\", \"/watchlistserviceOutputpipeOut\", \"/get-watchlistAPIServerRequest/queryParams/symbols pipeIn\", \"/watchlistserviceInput/symbols actionIn\", \"/watchlistserviceOutput/ResponseStatus\", \"/statuspipeOut\", \"/watchlistserviceOutput/ResponseBody\", \"/get-watchlistAPIServerResponse/200pipeOut\", \"/watchlistserviceOutput/ResponseBody\", \"/get-watchlistAPIServerResponse/204pipeOut\", \"/watchlistserviceOutput/ResponseBody\", \"/get-watchlistAPIServerResponse/400pipeOut\", \"/watchlistserviceOutput/ResponseBody\", \"/get-watchlistAPIServerResponse/500pipeOut\", \"/get-watchlistAPIServerResponse/200pipeOut\", \"/get-watchlistAPIServerResponse/204/responseHeaders/content-typepipeOut\", \"/get-watchlistAPIServerResponse/204/responseHeaderspipeOut\", \"/get-watchlistAPIServerResponse/204pipeOut\", \"/get-watchlistAPIServerResponse/200/responseHeaders/content-typepipeOut\", \"/get-watchlistAPIServerResponse/200/responseHeaderspipeOut\", \"/get-watchlistAPIServerResponse/200pipeOut\", \"/get-watchlistAPIServerResponsepipeOut\", \"/get-watchlistAPIServerResponse/400/responseHeaders/Content-TypepipeOut\", \"/get-watchlistAPIServerResponse/400/responseHeaderspipeOut\", \"/get-watchlistAPIServerResponse/400pipeOut\", \"/get-watchlistAPIServerResponsepipeOut\", \"/get-watchlistAPIServerResponse/500/responseHeaders/content-typepipeOut\", \"/get-watchlistAPIServerResponse/500/responseHeaderspipeOut\", \"/get-watchlistAPIServerResponse/500pipeOut\", \"/get-watchlistAPIServerResponsepipeOut\"]}",
    "null" : false
  },
  "output_structure_json" : {
    "type" : "jsonb",
    "value" : "{\"maps\": [{\"/watchlistserviceOutput\": [{\"type\": \"map\", \"source\": {\"path\": \"/watchlistserviceOutput\", \"title\": \"watchlistserviceOutput\", \"dataElementType\": \"document\"}, \"target\": {\"path\": \"/watchlistserviceOutput\", \"order\": 1, \"title\": \"watchlistserviceOutput\", \"dataElementType\": \"document\"}, \"mapCondition\": {\"isConditionSet\": false, \"sourceTreeIndex\": [], \"targetTreeIndex\": [], \"mapConditionFormValue\": {}}}]}, {\"/status\": [{\"type\": \"map\", \"source\": {\"path\": \"/watchlistserviceOutput/ResponseStatus\", \"title\": \"ResponseStatus\", \"dataElementType\": \"string\"}, \"target\": {\"path\": \"/status\", \"order\": 1, \"title\": \"status\", \"dataElementType\": \"string\"}, \"mapCondition\": {\"isConditionSet\": false, \"sourceTreeIndex\": [], \"targetTreeIndex\": [], \"mapConditionFormValue\": {}}}]}, {\"/get-watchlistAPIServerResponse/200\": [{\"type\": \"map\", \"source\": {\"path\": \"/watchlistserviceOutput/ResponseBody\", \"title\": \"ResponseBody\", \"dataElementType\": \"document\"}, \"target\": {\"path\": \"/get-watchlistAPIServerResponse/200\", \"order\": 1, \"title\": \"200\", \"dataElementType\": \"document\"}, \"mapCondition\": {\"isConditionSet\": false, \"sourceTreeIndex\": [], \"targetTreeIndex\": [], \"mapConditionFormValue\": {}}}]}, {\"/get-watchlistAPIServerResponse/204\": [{\"type\": \"map\", \"source\": {\"path\": \"/watchlistserviceOutput/ResponseBody\", \"title\": \"ResponseBody\", \"dataElementType\": \"document\"}, \"target\": {\"path\": \"/get-watchlistAPIServerResponse/204\", \"order\": 1, \"title\": \"204\", \"dataElementType\": \"document\"}, \"mapCondition\": {\"isConditionSet\": false, \"sourceTreeIndex\": [], \"targetTreeIndex\": [], \"mapConditionFormValue\": {}}}]}, {\"/get-watchlistAPIServerResponse/400\": [{\"type\": \"map\", \"source\": {\"path\": \"/watchlistserviceOutput/ResponseBody\", \"title\": \"ResponseBody\", \"dataElementType\": \"document\"}, \"target\": {\"path\": \"/get-watchlistAPIServerResponse/400\", \"order\": 1, \"title\": \"400\", \"dataElementType\": \"document\"}, \"mapCondition\": {\"isConditionSet\": false, \"sourceTreeIndex\": [], \"targetTreeIndex\": [], \"mapConditionFormValue\": {}}}]}, {\"/get-watchlistAPIServerResponse/500\": [{\"type\": \"map\", \"source\": {\"path\": \"/watchlistserviceOutput/ResponseBody\", \"title\": \"ResponseBody\", \"dataElementType\": \"document\"}, \"target\": {\"path\": \"/get-watchlistAPIServerResponse/500\", \"order\": 1, \"title\": \"500\", \"dataElementType\": \"document\"}, \"mapCondition\": {\"isConditionSet\": false, \"sourceTreeIndex\": [], \"targetTreeIndex\": [], \"mapConditionFormValue\": {}}}]}, {\"/get-watchlistAPIServerResponse/204/responseHeaders/content-type\": [{\"type\": \"setValue\", \"order\": 8, \"target\": {\"path\": \"/get-watchlistAPIServerResponse/204/responseHeaders/content-type\", \"order\": 8, \"title\": \"content-type\", \"dataElementType\": \"string\"}, \"values\": [{\"id\": \"e0156f5d-6644-435e-9f11-ebfd93c81f2f\", \"key\": \"/get-watchlistAPIServerResponse/204/responseHeaders/content-type\", \"type\": \"string\", \"order\": 8, \"title\": \"content-type\", \"isLeaf\": true, \"setValue\": null, \"uiElement\": \"application/json\", \"isSetValue\": false, \"childrenSet\": false, \"hasChildren\": false, \"dataElementType\": \"string\", \"encryption_required\": false}], \"mapCondition\": {\"isConditionSet\": false, \"sourceTreeIndex\": [], \"targetTreeIndex\": [], \"mapConditionFormValue\": {}}, \"dataElementType\": \"string\", \"variableSubstitution\": false, \"overwritePipelineValue\": false}]}, {\"/get-watchlistAPIServerResponse/200/responseHeaders/content-type\": [{\"type\": \"setValue\", \"order\": 14, \"target\": {\"path\": \"/get-watchlistAPIServerResponse/200/responseHeaders/content-type\", \"order\": 14, \"title\": \"content-type\", \"dataElementType\": \"string\"}, \"values\": [{\"id\": \"1d6a20b6-c920-4bc9-9d2b-01cebfeb120c\", \"key\": \"/get-watchlistAPIServerResponse/200/responseHeaders/content-type\", \"type\": \"string\", \"order\": 14, \"title\": \"content-type\", \"isLeaf\": true, \"setValue\": null, \"uiElement\": \"application/json\", \"isSetValue\": false, \"childrenSet\": false, \"hasChildren\": false, \"dataElementType\": \"string\", \"encryption_required\": false}], \"mapCondition\": {\"isConditionSet\": false, \"sourceTreeIndex\": [], \"targetTreeIndex\": [], \"mapConditionFormValue\": {}}, \"dataElementType\": \"string\", \"variableSubstitution\": false, \"overwritePipelineValue\": false}]}, {\"/get-watchlistAPIServerResponse/400/responseHeaders/Content-Type\": [{\"type\": \"setValue\", \"order\": 13, \"target\": {\"path\": \"/get-watchlistAPIServerResponse/400/responseHeaders/Content-Type\", \"order\": 13, \"title\": \"Content-Type\", \"dataElementType\": \"string\"}, \"values\": [{\"id\": \"ed081233-41f2-4d53-9e70-59a05add14b4\", \"key\": \"/get-watchlistAPIServerResponse/400/responseHeaders/Content-Type\", \"type\": \"string\", \"order\": 13, \"title\": \"Content-Type\", \"isLeaf\": true, \"setValue\": null, \"uiElement\": \"application/json\", \"isSetValue\": false, \"childrenSet\": false, \"hasChildren\": false, \"dataElementType\": \"string\", \"encryption_required\": false}], \"mapCondition\": {\"isConditionSet\": false, \"sourceTreeIndex\": [], \"targetTreeIndex\": [], \"mapConditionFormValue\": {}}, \"dataElementType\": \"string\", \"variableSubstitution\": false, \"overwritePipelineValue\": false}]}, {\"/get-watchlistAPIServerResponse/500/responseHeaders/content-type\": [{\"type\": \"setValue\", \"order\": 8, \"target\": {\"path\": \"/get-watchlistAPIServerResponse/500/responseHeaders/content-type\", \"order\": 8, \"title\": \"content-type\", \"dataElementType\": \"string\"}, \"values\": [{\"id\": \"96822a8a-f4d4-43f7-977f-058cf26fb09b\", \"key\": \"/get-watchlistAPIServerResponse/500/responseHeaders/content-type\", \"type\": \"string\", \"order\": 8, \"title\": \"content-type\", \"isLeaf\": true, \"setValue\": null, \"uiElement\": \"application/json\", \"isSetValue\": false, \"childrenSet\": false, \"hasChildren\": false, \"dataElementType\": \"string\", \"encryption_required\": false}], \"mapCondition\": {\"isConditionSet\": false, \"sourceTreeIndex\": [], \"targetTreeIndex\": [], \"mapConditionFormValue\": {}}, \"dataElementType\": \"string\", \"variableSubstitution\": false, \"overwritePipelineValue\": false}]}], \"tracks\": {}, \"transformer\": []}",
    "null" : false
  },
  "endpoint_structure_json" : {
    "type" : "jsonb",
    "value" : "{\"maps\": []}",
    "null" : false
  },
  "is_error" : false,
  "no_of_errors" : 0,
  "action_input_type" : null,
  "config_service_id" : "ba6fb867-511b-4b21-b91b-10fcc1fc8891",
  "config_imap_id" : null,
  "config_b2b_document_type_id" : null,
  "config_document_id" : null,
  "add_variables" : {
    "type" : "jsonb",
    "value" : "[]",
    "null" : false
  },
  "drop_variables" : {
    "type" : "jsonb",
    "value" : "[]",
    "null" : false
  },
  "plug_input_structure" : null,
  "plug_output_structure" : null,
  "config_plug_id" : null,
  "override_plug" : false,
  "config_java_service_id" : null,
  "service_tag" : "V14",
  "endpoint_tag" : null,
  "config_service_tag" : "EMPTY",
  "config_imap_tag" : "",
  "config_b2b_document_type_tag" : "",
  "active" : false,
  "parent_component_config_service_tag" : "V14",
  "service_project_id" : "d15a3eea-56b1-4b22-8e37-6a178b5611d5",
  "service_project_tag" : "V14",
  "config_service_project_id" : "d15a3eea-56b1-4b22-8e37-6a178b5611d5",
  "config_service_project_tag" : "EMPTY",
  "config_imap_project_id" : null,
  "config_imap_project_tag" : "",
  "config_b2b_document_type_project_id" : null,
  "config_b2b_document_type_project_tag" : "",
  "endpoint_project_id" : null,
  "endpoint_project_tag" : null,
  "config_plug_tag" : null,
  "config_plug_project_id" : null,
  "config_plug_project_tag" : null,
  "config_java_service_tag" : "",
  "config_java_service_project_id" : null,
  "config_java_service_project_tag" : "",
  "disabled" : false,
  "config" : {
    "type" : "json",
    "value" : "{\"serviceProjectName\":\"LB_StockQuoteFH2\"}",
    "null" : false
  },
  "config_b2b_document_type_project_mode_id" : "112c1cb8-4b9e-4d1a-a042-0bd031dc7d05",
  "config_imap_project_mode_id" : "112c1cb8-4b9e-4d1a-a042-0bd031dc7d05",
  "config_java_service_project_mode_id" : "112c1cb8-4b9e-4d1a-a042-0bd031dc7d05",
  "config_plug_project_mode_id" : "112c1cb8-4b9e-4d1a-a042-0bd031dc7d05",
  "config_service_project_mode_id" : "112c1cb8-4b9e-4d1a-a042-0bd031dc7d05",
  "endpoint_project_mode_id" : "112c1cb8-4b9e-4d1a-a042-0bd031dc7d05",
  "service_project_mode_id" : "112c1cb8-4b9e-4d1a-a042-0bd031dc7d05",
  "parent_component_config_service_project_mode_id" : "112c1cb8-4b9e-4d1a-a042-0bd031dc7d05",
  "is_audit" : true,
  "keys_with_order" : null
}