{
  "component_config_id" : "229a6078-18de-4823-a28f-e19450dd273d",
  "endpoint_config_json" : {
    "type" : "jsonb",
    "value" : "{\"crossRef\": [], \"services\": [], \"multistep\": [], \"operations\": []}",
    "null" : false
  },
  "input_config_json" : {
    "type" : "jsonb",
    "value" : "{\"crossRef\": [], \"services\": [], \"multistep\": [], \"operations\": []}",
    "null" : false
  },
  "output_config_json" : {
    "type" : "jsonb",
    "value" : "{\"crossRef\": [], \"services\": [], \"multistep\": [], \"operations\": [{\"transformer\": {\"id\": \"dd57ff23-c333-48ec-ba8d-28eb5819f3d4\", \"name\": \"STRING_SPLIT\", \"type\": \"String\", \"query\": null, \"inputs\": [{\"id\": \"5f3124fd-70e8-4ad1-b83c-b2093eb0ed92\", \"root\": false, \"type\": \"map\", \"cached\": false, \"source\": \"/watchlistserviceInput/symbols\", \"target\": \"/STRING_SPLIT_INPUT/inputString\", \"mapNull\": false, \"disabled\": false, \"extractXml\": false, \"extractJson\": false, \"mapEmptyString\": false, \"sourceJavaType\": \"java.lang.String\", \"targetJavaType\": \"java.lang.String\"}, {\"id\": \"0cafb9ac-7f79-48b9-8b14-e97059e7ff12\", \"root\": false, \"type\": \"setValue\", \"cached\": false, \"target\": \"/STRING_SPLIT_INPUT/token\", \"mapNull\": false, \"disabled\": false, \"extractXml\": false, \"extractJson\": false, \"targetValue\": \",\", \"mapEmptyString\": false, \"targetJavaType\": \"java.lang.String\", \"variableSubstitution\": false}], \"outputs\": [{\"id\": \"b90f5630-6aa3-4b9d-bc2d-f9a9663715b5\", \"root\": false, \"type\": \"list\", \"cached\": false, \"source\": \"/STRING_SPLIT_OUTPUT/output[]\", \"target\": \"/SymbolsArray[]\", \"mapNull\": false, \"disabled\": false, \"extractXml\": false, \"extractJson\": false, \"targetOrder\": 1.0, \"mapEmptyString\": false, \"sourceJavaType\": \"java.lang.String\", \"targetJavaType\": \"java.lang.String\"}], \"tableId\": null, \"configId\": null, \"disabled\": false, \"serviceId\": null, \"expression\": null}}]}",
    "null" : false
  },
  "component_id" : "8ac5fe03-27a2-4e6a-a449-6a8893818223",
  "service_id" : "ba6fb867-511b-4b21-b91b-10fcc1fc8891",
  "endpoint_id" : null,
  "parent_component_config_id" : null,
  "component_config_order" : 1.0,
  "action_id" : "06843b78-eab0-45da-afab-8c8277d7553f",
  "name" : "Declar vars",
  "description" : "",
  "override_endpoint" : false,
  "input_structure_json" : {
    "type" : "jsonb",
    "value" : "{\"maps\": [], \"mappedNodes\": [\"/watchlistserviceInput/symbols pipeIn\", \"/STRING_SPLIT_INPUT/inputString0\", \"/STRING_SPLIT_INPUT/token\", \"/STRING_SPLIT_INPUT\", \"/STRING_SPLIT_OUTPUT/output[]0\", \"/SymbolsArray[]pipeOut\"]}",
    "null" : false
  },
  "output_structure_json" : {
    "type" : "jsonb",
    "value" : "{\"maps\": [], \"tracks\": {}, \"transformer\": [{\"inputs\": {\"/STRING_SPLIT_INPUT/token\": [{\"type\": \"setValue\", \"target\": {\"path\": \"/STRING_SPLIT_INPUT/token\", \"order\": \"\", \"title\": \"token\", \"dataElementType\": \"string\"}, \"values\": [{\"id\": \"067d53c9-6654-45c4-a4fa-5f1efced6f93\", \"key\": \"/STRING_SPLIT_INPUT/token\", \"type\": \"string\", \"title\": \"token\", \"isLeaf\": true, \"secret\": false, \"children\": [], \"setValue\": null, \"uiElement\": \",\", \"isSetValue\": false, \"dataElementType\": \"string\"}], \"mapCondition\": {\"isConditionSet\": false, \"sourceTreeIndex\": [], \"targetTreeIndex\": [], \"mapConditionFormValue\": {}}, \"variableSubstitution\": false, \"overwritePipelineValue\": false}], \"/STRING_SPLIT_INPUT/inputString\": [{\"type\": \"map\", \"source\": {\"path\": \"/watchlistserviceInput/symbols\", \"title\": \"symbols\", \"dataElementType\": \"string\"}, \"target\": {\"path\": \"/STRING_SPLIT_INPUT/inputString\", \"title\": \"inputString\", \"dataElementType\": \"string\"}, \"mapCondition\": {\"isConditionSet\": false, \"sourceTreeIndex\": [], \"targetTreeIndex\": [], \"mapConditionFormValue\": {}}}]}, \"outputs\": {\"/SymbolsArray[]\": [{\"type\": \"list\", \"source\": {\"path\": \"/STRING_SPLIT_OUTPUT/output[]\", \"title\": \"output\", \"dataElementType\": \"stringArray\"}, \"target\": {\"path\": \"/SymbolsArray[]\", \"order\": 1, \"title\": \"SymbolsArray\", \"dataElementType\": \"stringArray\"}, \"mapCondition\": {\"isConditionSet\": false, \"sourceTreeIndex\": [{\"key\": 1, \"title\": \"STRING_SPLIT_OUTPUT\", \"isLeaf\": false, \"isArray\": false, \"children\": [{\"key\": 2, \"title\": \"output\", \"isLeaf\": false, \"isArray\": true, \"parentKey\": 1, \"arrayIndex\": null}], \"parentKey\": 0}], \"targetTreeIndex\": [{\"key\": 1, \"title\": \"SymbolsArray[]\", \"isLeaf\": false, \"isArray\": true, \"parentKey\": 0, \"arrayIndex\": null}], \"mapConditionFormValue\": {}}}]}, \"functionInfo\": {\"id\": \"7d6add5c-9226-4b5b-a58a-d669986db589\", \"name\": \"Split\", \"category\": {\"id\": \"7e335ebf-c122-41de-a87f-8e4cb8f39ff6\"}, \"internalName\": \"STRING_SPLIT\"}}]}",
    "null" : false
  },
  "endpoint_structure_json" : {
    "type" : "jsonb",
    "value" : "{\"maps\": []}",
    "null" : false
  },
  "is_error" : false,
  "no_of_errors" : 0,
  "action_input_type" : null,
  "config_service_id" : null,
  "config_imap_id" : null,
  "config_b2b_document_type_id" : null,
  "config_document_id" : null,
  "add_variables" : {
    "type" : "jsonb",
    "value" : "[{\"id\": \"70736524-5da0-4af7-a9a7-b93e83d2e883\", \"key\": \"/SymbolsArray[]\", \"type\": \"node\", \"order\": 1, \"title\": \"SymbolsArray\", \"value\": {\"type\": \"array\"}, \"children\": [], \"editAllow\": true, \"componentName\": \"Declar vars\", \"dataElementType\": \"stringArray\", \"componentConfigId\": \"229a6078-18de-4823-a28f-e19450dd273d\", \"componentConfigName\": \"Map\"}, {\"id\": \"fb6a8931-0bc4-4e6e-a26f-91fc602f7819\", \"key\": \"/WatchListResponse\", \"type\": \"reference\", \"order\": 3, \"title\": \"WatchListResponse\", \"value\": {\"type\": \"object\"}, \"isLeaf\": false, \"children\": [], \"editAllow\": true, \"hasChildren\": false, \"projectName\": \"LB_StockQuoteFH2\", \"referenceId\": \"24e9bd05-3463-4a0a-8137-de25a2f1a6a3\", \"isChildrenSet\": false, \"dataObjectName\": \"Watch List Response\", \"dataElementType\": \"document\", \"componentConfigId\": \"229a6078-18de-4823-a28f-e19450dd273d\", \"encryption_required\": false}]",
    "null" : false
  },
  "drop_variables" : {
    "type" : "jsonb",
    "value" : "[]",
    "null" : false
  },
  "plug_input_structure" : null,
  "plug_output_structure" : null,
  "config_plug_id" : null,
  "override_plug" : false,
  "config_java_service_id" : null,
  "service_tag" : "V14",
  "endpoint_tag" : null,
  "config_service_tag" : "",
  "config_imap_tag" : "",
  "config_b2b_document_type_tag" : "",
  "active" : false,
  "parent_component_config_service_tag" : "V14",
  "service_project_id" : "d15a3eea-56b1-4b22-8e37-6a178b5611d5",
  "service_project_tag" : "V14",
  "config_service_project_id" : null,
  "config_service_project_tag" : "",
  "config_imap_project_id" : null,
  "config_imap_project_tag" : "",
  "config_b2b_document_type_project_id" : null,
  "config_b2b_document_type_project_tag" : "",
  "endpoint_project_id" : null,
  "endpoint_project_tag" : null,
  "config_plug_tag" : null,
  "config_plug_project_id" : null,
  "config_plug_project_tag" : null,
  "config_java_service_tag" : "",
  "config_java_service_project_id" : null,
  "config_java_service_project_tag" : "",
  "disabled" : false,
  "config" : null,
  "config_b2b_document_type_project_mode_id" : "112c1cb8-4b9e-4d1a-a042-0bd031dc7d05",
  "config_imap_project_mode_id" : "112c1cb8-4b9e-4d1a-a042-0bd031dc7d05",
  "config_java_service_project_mode_id" : "112c1cb8-4b9e-4d1a-a042-0bd031dc7d05",
  "config_plug_project_mode_id" : "112c1cb8-4b9e-4d1a-a042-0bd031dc7d05",
  "config_service_project_mode_id" : "112c1cb8-4b9e-4d1a-a042-0bd031dc7d05",
  "endpoint_project_mode_id" : "112c1cb8-4b9e-4d1a-a042-0bd031dc7d05",
  "service_project_mode_id" : "112c1cb8-4b9e-4d1a-a042-0bd031dc7d05",
  "parent_component_config_service_project_mode_id" : "112c1cb8-4b9e-4d1a-a042-0bd031dc7d05",
  "is_audit" : true,
  "keys_with_order" : null
}