{
  "component_config_id" : "f7c2ed1c-7db8-4511-8cd7-09ce75ba0f44",
  "endpoint_config_json" : {
    "type" : "jsonb",
    "value" : "{\"crossRef\": [], \"services\": [], \"multistep\": [], \"operations\": []}",
    "null" : false
  },
  "input_config_json" : {
    "type" : "jsonb",
    "value" : "{\"crossRef\": [], \"services\": [], \"multistep\": [], \"operations\": [{\"map\": {\"id\": \"983df28d-32dc-4572-a8ed-7e4a8e934b0f\", \"root\": false, \"type\": \"map\", \"cached\": false, \"source\": \"/UCSymbol\", \"target\": \"/queryParams/symbol\", \"mapNull\": false, \"disabled\": false, \"extractXml\": false, \"extractJson\": false, \"mapEmptyString\": false, \"sourceJavaType\": \"java.lang.String\", \"targetJavaType\": \"java.lang.String\"}}]}",
    "null" : false
  },
  "output_config_json" : {
    "type" : "jsonb",
    "value" : "{\"crossRef\": [], \"services\": [], \"multistep\": [], \"operations\": [{\"map\": {\"id\": \"1c5d18c9-dc47-4b5a-8fea-6db244bf32eb\", \"root\": true, \"type\": \"map\", \"cached\": false, \"source\": \"/company-profile2Output\", \"target\": \"/company-profile2Output\", \"mapNull\": false, \"disabled\": false, \"extractXml\": false, \"extractJson\": false, \"targetOrder\": 1.0, \"mapEmptyString\": false}}]}",
    "null" : false
  },
  "component_id" : "57a4eaf2-7d82-4894-856a-a4a477d2a3a5",
  "service_id" : "ba6fb867-511b-4b21-b91b-10fcc1fc8891",
  "endpoint_id" : "66d1c5fd-7059-4bf0-846b-2a9301c8f37d",
  "parent_component_config_id" : "87d0b5e1-0446-4a58-8ea5-18438dd3fbb6",
  "component_config_order" : 2.0,
  "action_id" : "57561e36-ab3c-427b-8fd6-55016149e0ba",
  "name" : "Get company info",
  "description" : "",
  "override_endpoint" : false,
  "input_structure_json" : {
    "type" : "jsonb",
    "value" : "{\"maps\": [{\"/queryParams/symbol\": [{\"type\": \"map\", \"source\": {\"path\": \"/UCSymbol\", \"title\": \"UCSymbol\", \"dataElementType\": \"string\"}, \"target\": {\"path\": \"/queryParams/symbol\", \"title\": \"symbol\", \"dataElementType\": \"string\"}, \"mapCondition\": {\"isConditionSet\": false, \"sourceTreeIndex\": [], \"targetTreeIndex\": [], \"mapConditionFormValue\": {}}}]}], \"mappedNodes\": [\"/UCSymbol pipeIn\", \"/queryParams/symbol actionIn\"], \"addVariables\": []}",
    "null" : false
  },
  "output_structure_json" : {
    "type" : "jsonb",
    "value" : "{\"maps\": [{\"/company-profile2Output\": [{\"type\": \"map\", \"source\": {\"path\": \"/company-profile2Output\", \"title\": \"company-profile2Output\", \"dataElementType\": \"document\"}, \"target\": {\"path\": \"/company-profile2Output\", \"order\": 1, \"title\": \"company-profile2Output\", \"dataElementType\": \"document\"}, \"mapCondition\": {\"isConditionSet\": false, \"sourceTreeIndex\": [], \"targetTreeIndex\": [], \"mapConditionFormValue\": {}}}]}], \"tracks\": {}, \"transformer\": []}",
    "null" : false
  },
  "endpoint_structure_json" : {
    "type" : "jsonb",
    "value" : "{\"maps\": []}",
    "null" : false
  },
  "is_error" : false,
  "no_of_errors" : 0,
  "action_input_type" : null,
  "config_service_id" : null,
  "config_imap_id" : null,
  "config_b2b_document_type_id" : null,
  "config_document_id" : null,
  "add_variables" : {
    "type" : "jsonb",
    "value" : "[]",
    "null" : false
  },
  "drop_variables" : {
    "type" : "jsonb",
    "value" : "[]",
    "null" : false
  },
  "plug_input_structure" : {
    "type" : "jsonb",
    "value" : "[{\"id\": \"f7c2ed1c-7db8-4511-8cd7-09ce75ba0f44\", \"key\": \"/pathParams\", \"order\": 0.0, \"title\": \"pathParams\", \"value\": {\"type\": \"object\"}, \"isLeaf\": false, \"children\": [], \"entityType\": \"componentConfig\", \"childrenSet\": false, \"hasChildren\": true, \"dataElementType\": \"document\", \"encryption_required\": false}, {\"id\": \"f7c2ed1c-7db8-4511-8cd7-09ce75ba0f44\", \"key\": \"/queryParams\", \"order\": 1.0, \"title\": \"queryParams\", \"value\": {\"type\": \"object\"}, \"isLeaf\": false, \"children\": [{\"id\": \"f7c2ed1c-7db8-4511-8cd7-09ce75ba0f44\", \"key\": \"/queryParams/symbol\", \"title\": \"symbol\", \"value\": {\"type\": \"string\"}, \"isLeaf\": true, \"entityType\": \"componentConfig\", \"childrenSet\": false, \"hasChildren\": false, \"dataElementType\": \"string\", \"encryption_required\": false}, {\"id\": \"f7c2ed1c-7db8-4511-8cd7-09ce75ba0f44\", \"key\": \"/queryParams/isin\", \"title\": \"isin\", \"value\": {\"type\": \"string\"}, \"isLeaf\": true, \"entityType\": \"componentConfig\", \"childrenSet\": false, \"hasChildren\": false, \"dataElementType\": \"string\", \"encryption_required\": false}, {\"id\": \"f7c2ed1c-7db8-4511-8cd7-09ce75ba0f44\", \"key\": \"/queryParams/cusip\", \"title\": \"cusip\", \"value\": {\"type\": \"string\"}, \"isLeaf\": true, \"entityType\": \"componentConfig\", \"childrenSet\": false, \"hasChildren\": false, \"dataElementType\": \"string\", \"encryption_required\": false}], \"entityType\": \"componentConfig\", \"childrenSet\": false, \"hasChildren\": true, \"dataElementType\": \"document\", \"encryption_required\": false}, {\"id\": \"f7c2ed1c-7db8-4511-8cd7-09ce75ba0f44\", \"key\": \"/headers\", \"order\": 2.0, \"title\": \"headers\", \"value\": {\"type\": \"object\"}, \"isLeaf\": false, \"children\": [], \"entityType\": \"componentConfig\", \"childrenSet\": false, \"hasChildren\": true, \"dataElementType\": \"document\", \"encryption_required\": false}]",
    "null" : false
  },
  "plug_output_structure" : {
    "type" : "jsonb",
    "value" : "[{\"id\": \"f7c2ed1c-7db8-4511-8cd7-09ce75ba0f44\", \"key\": \"/company-profile2Output\", \"type\": \"object\", \"order\": 1.0, \"title\": \"company-profile2Output\", \"value\": {\"type\": \"object\", \"requiredFlag\": false}, \"isLeaf\": false, \"children\": [{\"id\": \"f7c2ed1c-7db8-4511-8cd7-09ce75ba0f44\", \"key\": \"/company-profile2Output/success\", \"type\": \"boolean\", \"order\": 2.0, \"title\": \"success\", \"value\": {\"type\": \"boolean\", \"requiredFlag\": false}, \"isLeaf\": true, \"entityType\": \"componentConfig\", \"childrenSet\": false, \"hasChildren\": false, \"dataElementType\": \"boolean\", \"encryption_required\": false}, {\"id\": \"f7c2ed1c-7db8-4511-8cd7-09ce75ba0f44\", \"key\": \"/company-profile2Output/statusCode\", \"type\": \"number\", \"order\": 3.0, \"title\": \"statusCode\", \"value\": {\"type\": \"number\", \"requiredFlag\": false}, \"isLeaf\": true, \"entityType\": \"componentConfig\", \"childrenSet\": false, \"hasChildren\": false, \"dataElementType\": \"number\", \"encryption_required\": false}, {\"id\": \"f7c2ed1c-7db8-4511-8cd7-09ce75ba0f44\", \"key\": \"/company-profile2Output/response\", \"type\": \"object\", \"order\": 4.0, \"title\": \"response\", \"value\": {\"type\": \"object\", \"requiredFlag\": false}, \"isLeaf\": false, \"children\": [{\"id\": \"f7c2ed1c-7db8-4511-8cd7-09ce75ba0f44\", \"key\": \"/company-profile2Output/response/country\", \"type\": \"string\", \"order\": 5.0, \"title\": \"country\", \"value\": {\"type\": \"string\", \"requiredFlag\": false}, \"isLeaf\": true, \"entityType\": \"componentConfig\", \"childrenSet\": false, \"hasChildren\": false, \"dataElementType\": \"string\", \"encryption_required\": false}, {\"id\": \"f7c2ed1c-7db8-4511-8cd7-09ce75ba0f44\", \"key\": \"/company-profile2Output/response/currency\", \"type\": \"string\", \"order\": 6.0, \"title\": \"currency\", \"value\": {\"type\": \"string\", \"requiredFlag\": false}, \"isLeaf\": true, \"entityType\": \"componentConfig\", \"childrenSet\": false, \"hasChildren\": false, \"dataElementType\": \"string\", \"encryption_required\": false}, {\"id\": \"f7c2ed1c-7db8-4511-8cd7-09ce75ba0f44\", \"key\": \"/company-profile2Output/response/exchange\", \"type\": \"string\", \"order\": 7.0, \"title\": \"exchange\", \"value\": {\"type\": \"string\", \"requiredFlag\": false}, \"isLeaf\": true, \"entityType\": \"componentConfig\", \"childrenSet\": false, \"hasChildren\": false, \"dataElementType\": \"string\", \"encryption_required\": false}, {\"id\": \"f7c2ed1c-7db8-4511-8cd7-09ce75ba0f44\", \"key\": \"/company-profile2Output/response/name\", \"type\": \"string\", \"order\": 8.0, \"title\": \"name\", \"value\": {\"type\": \"string\", \"requiredFlag\": false}, \"isLeaf\": true, \"entityType\": \"componentConfig\", \"childrenSet\": false, \"hasChildren\": false, \"dataElementType\": \"string\", \"encryption_required\": false}, {\"id\": \"f7c2ed1c-7db8-4511-8cd7-09ce75ba0f44\", \"key\": \"/company-profile2Output/response/ticker\", \"type\": \"string\", \"order\": 9.0, \"title\": \"ticker\", \"value\": {\"type\": \"string\", \"requiredFlag\": false}, \"isLeaf\": true, \"entityType\": \"componentConfig\", \"childrenSet\": false, \"hasChildren\": false, \"dataElementType\": \"string\", \"encryption_required\": false}, {\"id\": \"f7c2ed1c-7db8-4511-8cd7-09ce75ba0f44\", \"key\": \"/company-profile2Output/response/ipo\", \"type\": \"string\", \"order\": 10.0, \"title\": \"ipo\", \"value\": {\"type\": \"string\", \"format\": \"date\", \"requiredFlag\": false}, \"isLeaf\": true, \"entityType\": \"componentConfig\", \"childrenSet\": false, \"hasChildren\": false, \"dataElementType\": \"string\", \"encryption_required\": false}, {\"id\": \"f7c2ed1c-7db8-4511-8cd7-09ce75ba0f44\", \"key\": \"/company-profile2Output/response/marketCapitalization\", \"type\": \"number\", \"order\": 11.0, \"title\": \"marketCapitalization\", \"value\": {\"type\": \"number\", \"requiredFlag\": false}, \"isLeaf\": true, \"entityType\": \"componentConfig\", \"childrenSet\": false, \"hasChildren\": false, \"dataElementType\": \"number\", \"encryption_required\": false}, {\"id\": \"f7c2ed1c-7db8-4511-8cd7-09ce75ba0f44\", \"key\": \"/company-profile2Output/response/shareOutstanding\", \"type\": \"number\", \"order\": 12.0, \"title\": \"shareOutstanding\", \"value\": {\"type\": \"number\", \"requiredFlag\": false}, \"isLeaf\": true, \"entityType\": \"componentConfig\", \"childrenSet\": false, \"hasChildren\": false, \"dataElementType\": \"number\", \"encryption_required\": false}, {\"id\": \"f7c2ed1c-7db8-4511-8cd7-09ce75ba0f44\", \"key\": \"/company-profile2Output/response/logo\", \"type\": \"string\", \"order\": 13.0, \"title\": \"logo\", \"value\": {\"type\": \"string\", \"requiredFlag\": false}, \"isLeaf\": true, \"entityType\": \"componentConfig\", \"childrenSet\": false, \"hasChildren\": false, \"dataElementType\": \"string\", \"encryption_required\": false}, {\"id\": \"f7c2ed1c-7db8-4511-8cd7-09ce75ba0f44\", \"key\": \"/company-profile2Output/response/phone\", \"type\": \"string\", \"order\": 14.0, \"title\": \"phone\", \"value\": {\"type\": \"string\", \"requiredFlag\": false}, \"isLeaf\": true, \"entityType\": \"componentConfig\", \"childrenSet\": false, \"hasChildren\": false, \"dataElementType\": \"string\", \"encryption_required\": false}, {\"id\": \"f7c2ed1c-7db8-4511-8cd7-09ce75ba0f44\", \"key\": \"/company-profile2Output/response/weburl\", \"type\": \"string\", \"order\": 15.0, \"title\": \"weburl\", \"value\": {\"type\": \"string\", \"requiredFlag\": false}, \"isLeaf\": true, \"entityType\": \"componentConfig\", \"childrenSet\": false, \"hasChildren\": false, \"dataElementType\": \"string\", \"encryption_required\": false}, {\"id\": \"f7c2ed1c-7db8-4511-8cd7-09ce75ba0f44\", \"key\": \"/company-profile2Output/response/finnhubIndustry\", \"type\": \"string\", \"order\": 16.0, \"title\": \"finnhubIndustry\", \"value\": {\"type\": \"string\", \"requiredFlag\": false}, \"isLeaf\": true, \"entityType\": \"componentConfig\", \"childrenSet\": false, \"hasChildren\": false, \"dataElementType\": \"string\", \"encryption_required\": false}], \"entityType\": \"componentConfig\", \"childrenSet\": false, \"hasChildren\": false, \"dataElementType\": \"document\", \"encryption_required\": false}, {\"id\": \"f7c2ed1c-7db8-4511-8cd7-09ce75ba0f44\", \"key\": \"/company-profile2Output/errors\", \"order\": 3.0, \"title\": \"errors\", \"value\": {\"type\": \"object\"}, \"isLeaf\": true, \"children\": [], \"entityType\": \"componentConfig\", \"childrenSet\": false, \"hasChildren\": false, \"dataElementType\": \"document\", \"encryption_required\": false}, {\"id\": \"f7c2ed1c-7db8-4511-8cd7-09ce75ba0f44\", \"key\": \"/company-profile2Output/responseHeaders\", \"order\": 4.0, \"title\": \"responseHeaders\", \"value\": {\"type\": \"object\"}, \"isLeaf\": true, \"children\": [], \"entityType\": \"componentConfig\", \"childrenSet\": false, \"hasChildren\": false, \"dataElementType\": \"document\", \"encryption_required\": false}], \"entityType\": \"componentConfig\", \"childrenSet\": false, \"hasChildren\": false, \"dataElementType\": \"document\", \"encryption_required\": false}]",
    "null" : false
  },
  "config_plug_id" : null,
  "override_plug" : false,
  "config_java_service_id" : null,
  "service_tag" : "V14",
  "endpoint_tag" : "EMPTY",
  "config_service_tag" : "",
  "config_imap_tag" : "",
  "config_b2b_document_type_tag" : "",
  "active" : false,
  "parent_component_config_service_tag" : "V14",
  "service_project_id" : "d15a3eea-56b1-4b22-8e37-6a178b5611d5",
  "service_project_tag" : "V14",
  "config_service_project_id" : null,
  "config_service_project_tag" : "",
  "config_imap_project_id" : null,
  "config_imap_project_tag" : "",
  "config_b2b_document_type_project_id" : null,
  "config_b2b_document_type_project_tag" : "",
  "endpoint_project_id" : "d15a3eea-56b1-4b22-8e37-6a178b5611d5",
  "endpoint_project_tag" : "EMPTY",
  "config_plug_tag" : null,
  "config_plug_project_id" : null,
  "config_plug_project_tag" : null,
  "config_java_service_tag" : "",
  "config_java_service_project_id" : null,
  "config_java_service_project_tag" : "",
  "disabled" : false,
  "config" : {
    "type" : "json",
    "value" : "{\"objectName\":\"stock\",\"operationName\":\"company-profile2\",\"actionConfig\":{\"resourcePath\":\"/stock/profile2\",\"produces\":[\"application/json\"],\"methodName\":\"get\",\"consumes\":[\"application/json\"]}}",
    "null" : false
  },
  "config_b2b_document_type_project_mode_id" : "112c1cb8-4b9e-4d1a-a042-0bd031dc7d05",
  "config_imap_project_mode_id" : "112c1cb8-4b9e-4d1a-a042-0bd031dc7d05",
  "config_java_service_project_mode_id" : "112c1cb8-4b9e-4d1a-a042-0bd031dc7d05",
  "config_plug_project_mode_id" : "112c1cb8-4b9e-4d1a-a042-0bd031dc7d05",
  "config_service_project_mode_id" : "112c1cb8-4b9e-4d1a-a042-0bd031dc7d05",
  "endpoint_project_mode_id" : "112c1cb8-4b9e-4d1a-a042-0bd031dc7d05",
  "service_project_mode_id" : "112c1cb8-4b9e-4d1a-a042-0bd031dc7d05",
  "parent_component_config_service_project_mode_id" : "112c1cb8-4b9e-4d1a-a042-0bd031dc7d05",
  "is_audit" : true,
  "keys_with_order" : null
}