{
  "component_config_id" : "f9e5e123-84a1-48a3-a5b4-0581788ae383",
  "endpoint_config_json" : {
    "type" : "jsonb",
    "value" : "{\"crossRef\": [], \"services\": [], \"multistep\": [], \"operations\": []}",
    "null" : false
  },
  "input_config_json" : {
    "type" : "jsonb",
    "value" : "{\"crossRef\": [], \"services\": [], \"multistep\": [], \"operations\": [{\"map\": {\"id\": \"cda4b7c0-b67d-4bae-af44-2f04546a279f\", \"root\": false, \"type\": \"map\", \"cached\": false, \"source\": \"/quoteserviceOutput/ResponseStatus\", \"target\": \"/HttpResponseInput/status\", \"mapNull\": false, \"disabled\": false, \"extractXml\": false, \"extractJson\": false, \"targetOrder\": 5.0, \"mapEmptyString\": false, \"sourceJavaType\": \"java.lang.String\", \"targetJavaType\": \"java.lang.Integer\"}}, {\"map\": {\"id\": \"342d4545-e0c0-4b5b-ae2f-e25b0028ab9f\", \"root\": false, \"type\": \"map\", \"cached\": false, \"source\": \"/quoteserviceOutput/ResponseBody\", \"target\": \"/HttpResponseInput/body\", \"mapNull\": false, \"disabled\": false, \"extractXml\": false, \"extractJson\": false, \"targetOrder\": 2.0, \"mapEmptyString\": false, \"targetJavaType\": \"java.lang.String\"}}, {\"map\": {\"id\": \"7d45f4a9-44b1-46e0-9939-de29df4564c6\", \"root\": false, \"type\": \"setValue\", \"cached\": false, \"target\": \"/HttpResponseInput/headers/Content-Type\", \"mapNull\": false, \"disabled\": false, \"extractXml\": false, \"extractJson\": false, \"targetOrder\": 4.0, \"targetValue\": \"application/json\", \"mapEmptyString\": false, \"targetJavaType\": \"java.lang.String\", \"variableSubstitution\": false}}, {\"map\": {\"id\": \"05a83e5e-6357-4143-a185-c458063f9e1c\", \"root\": false, \"type\": \"setValue\", \"cached\": false, \"target\": \"/HttpResponseInput/headers/Access-Control-Allow-Origin\", \"mapNull\": false, \"disabled\": false, \"extractXml\": false, \"extractJson\": false, \"targetOrder\": 1.0, \"targetValue\": \"*\", \"mapEmptyString\": false, \"targetJavaType\": \"java.lang.String\", \"variableSubstitution\": false}}]}",
    "null" : false
  },
  "output_config_json" : {
    "type" : "jsonb",
    "value" : "{\"crossRef\": [], \"services\": [], \"multistep\": [], \"operations\": []}",
    "null" : false
  },
  "component_id" : "6116e8c7-9c67-4086-a4e5-5b0fa60d9070",
  "service_id" : "cec88078-9a09-46cd-8fe2-2dc3f889f99d",
  "endpoint_id" : "821dac52-d02b-4b21-87d7-de02777e0cc1",
  "parent_component_config_id" : null,
  "component_config_order" : 1.0,
  "action_id" : "3c8179e3-0fd6-4fcb-a638-2417e4ca6eb8",
  "name" : "quote endpoint",
  "description" : "",
  "override_endpoint" : false,
  "input_structure_json" : {
    "type" : "jsonb",
    "value" : "{\"maps\": [{\"/HttpResponseInput/headers/Content-Type\": [{\"type\": \"setValue\", \"target\": {\"path\": \"/HttpResponseInput/headers/Content-Type\", \"order\": 4, \"title\": \"Content-Type\", \"dataElementType\": \"string\"}, \"values\": [{\"id\": \"42e5ba26-30bd-445f-a6ff-0a9837707038\", \"key\": \"/HttpResponseInput/headers/Content-Type\", \"type\": \"string\", \"order\": 4, \"title\": \"Content-Type\", \"isLeaf\": true, \"children\": [], \"setValue\": null, \"uiElement\": \"application/json\", \"isSetValue\": false, \"dataElementType\": \"string\"}], \"mapCondition\": {\"isConditionSet\": false, \"sourceTreeIndex\": [], \"targetTreeIndex\": [], \"mapConditionFormValue\": {}}, \"variableSubstitution\": false, \"overwritePipelineValue\": false}]}, {\"/HttpResponseInput/headers/Access-Control-Allow-Origin\": [{\"type\": \"setValue\", \"target\": {\"path\": \"/HttpResponseInput/headers/Access-Control-Allow-Origin\", \"order\": 1, \"title\": \"Access-Control-Allow-Origin\", \"dataElementType\": \"string\"}, \"values\": [{\"id\": \"498444e8-bfb1-4e65-9682-f3a2275480d0\", \"key\": \"/HttpResponseInput/headers/Access-Control-Allow-Origin\", \"type\": \"node\", \"order\": 1, \"title\": \"Access-Control-Allow-Origin\", \"children\": [], \"setValue\": null, \"editAllow\": true, \"uiElement\": \"*\", \"isSetValue\": false, \"dataElementType\": \"string\", \"componentConfigId\": \"f9e5e123-84a1-48a3-a5b4-0581788ae383\", \"componentConfigName\": \"HTTPSServer\"}], \"mapCondition\": {\"isConditionSet\": false, \"sourceTreeIndex\": [], \"targetTreeIndex\": [], \"mapConditionFormValue\": {}}, \"variableSubstitution\": false, \"overwritePipelineValue\": false}]}, {\"/HttpResponseInput/status\": [{\"type\": \"map\", \"source\": {\"path\": \"/quoteserviceOutput/ResponseStatus\", \"title\": \"ResponseStatus\", \"dataElementType\": \"string\"}, \"target\": {\"path\": \"/HttpResponseInput/status\", \"order\": 5, \"title\": \"status\", \"dataElementType\": \"integer\"}, \"mapCondition\": {\"isConditionSet\": false, \"sourceTreeIndex\": [], \"targetTreeIndex\": [], \"mapConditionFormValue\": {}}}]}, {\"/HttpResponseInput/body\": [{\"type\": \"map\", \"source\": {\"path\": \"/quoteserviceOutput/ResponseBody\", \"title\": \"ResponseBody\", \"dataElementType\": \"document\"}, \"target\": {\"path\": \"/HttpResponseInput/body\", \"order\": 2, \"title\": \"body\", \"dataElementType\": \"string\"}, \"mapCondition\": {\"isConditionSet\": false, \"sourceTreeIndex\": [], \"targetTreeIndex\": [], \"mapConditionFormValue\": {}}}]}], \"mappedNodes\": [\"/HttpResponseInput/headers/Content-Type actionIn\", \"/HttpResponseInput/headers actionIn\", \"/HttpResponseInput/headers/Access-Control-Allow-Origin actionIn\", \"/HttpResponseInput/headers actionIn\", \"/HttpResponseInput/headers actionIn\", \"/HttpResponseInput/headers actionIn\", \"/HttpResponseInput/headers actionIn\", \"/HttpResponseInput/headers actionIn\", \"/quoteserviceOutput/ResponseStatus pipeIn\", \"/HttpResponseInput/status actionIn\", \"/quoteserviceOutput/ResponseBody pipeIn\", \"/HttpResponseInput/body actionIn\"], \"addVariables\": [{\"id\": \"a74ec392-4e62-4e06-9af5-cf55191dd8a5\", \"key\": \"/HttpResponseInput/headers/Access-Control-Allow-Origin\", \"type\": \"node\", \"order\": 1, \"title\": \"Access-Control-Allow-Origin\", \"value\": {\"type\": \"string\"}, \"children\": [], \"editAllow\": true, \"componentName\": \"quote endpoint\", \"dataElementType\": \"string\", \"componentConfigId\": \"f9e5e123-84a1-48a3-a5b4-0581788ae383\", \"componentConfigName\": \"HTTPSServer\"}]}",
    "null" : false
  },
  "output_structure_json" : {
    "type" : "jsonb",
    "value" : "{\"maps\": [], \"tracks\": {}, \"transformer\": []}",
    "null" : false
  },
  "endpoint_structure_json" : {
    "type" : "jsonb",
    "value" : "{\"maps\": []}",
    "null" : false
  },
  "is_error" : false,
  "no_of_errors" : 0,
  "action_input_type" : null,
  "config_service_id" : null,
  "config_imap_id" : null,
  "config_b2b_document_type_id" : null,
  "config_document_id" : null,
  "add_variables" : {
    "type" : "jsonb",
    "value" : "[{\"id\": \"bf96c957-3862-41f1-8e09-6fb21feb32bd\", \"key\": \"/HTTPSServerGetOutput\", \"type\": \"object\", \"title\": \"HTTPSServerGetOutput\", \"children\": [{\"id\": \"3652aa9b-39c6-4bc4-a2eb-263f7a755fea\", \"key\": \"/HTTPSServerGetOutput/pathParams\", \"type\": \"object\", \"title\": \"pathParams\", \"children\": [], \"editAllow\": false, \"childrenSet\": false, \"hasChildren\": true, \"dataElementType\": \"document\", \"encryption_required\": false}, {\"id\": \"58dc06bc-d5e1-4956-81b6-120b51307497\", \"key\": \"/HTTPSServerGetOutput/queryParams\", \"type\": \"object\", \"title\": \"queryParams\", \"children\": [{\"key\": \"/HTTPSServerGetOutput/queryParams/symbol\", \"type\": \"node\", \"order\": 1.0, \"title\": \"symbol\", \"children\": [], \"editAllow\": false, \"childrenSet\": false, \"hasChildren\": false, \"dataElementType\": \"string\", \"encryption_required\": false}], \"editAllow\": false, \"childrenSet\": false, \"hasChildren\": true, \"dataElementType\": \"document\", \"encryption_required\": false}, {\"id\": \"ba1b5fd7-25f6-4732-83b7-de9a9af64a68\", \"key\": \"/HTTPSServerGetOutput/headers\", \"type\": \"object\", \"title\": \"headers\", \"children\": [], \"editAllow\": false, \"childrenSet\": false, \"hasChildren\": true, \"dataElementType\": \"document\", \"encryption_required\": false}], \"editAllow\": false, \"childrenSet\": false, \"hasChildren\": true, \"dataElementType\": \"document\", \"encryption_required\": false}]",
    "null" : false
  },
  "drop_variables" : {
    "type" : "jsonb",
    "value" : "[]",
    "null" : false
  },
  "plug_input_structure" : null,
  "plug_output_structure" : null,
  "config_plug_id" : null,
  "override_plug" : false,
  "config_java_service_id" : null,
  "service_tag" : "V14",
  "endpoint_tag" : "EMPTY",
  "config_service_tag" : "",
  "config_imap_tag" : "",
  "config_b2b_document_type_tag" : "",
  "active" : false,
  "parent_component_config_service_tag" : "V14",
  "service_project_id" : "d15a3eea-56b1-4b22-8e37-6a178b5611d5",
  "service_project_tag" : "V14",
  "config_service_project_id" : null,
  "config_service_project_tag" : "",
  "config_imap_project_id" : null,
  "config_imap_project_tag" : "",
  "config_b2b_document_type_project_id" : null,
  "config_b2b_document_type_project_tag" : "",
  "endpoint_project_id" : "d15a3eea-56b1-4b22-8e37-6a178b5611d5",
  "endpoint_project_tag" : "EMPTY",
  "config_plug_tag" : null,
  "config_plug_project_id" : null,
  "config_plug_project_tag" : null,
  "config_java_service_tag" : "",
  "config_java_service_project_id" : null,
  "config_java_service_project_tag" : "",
  "disabled" : false,
  "config" : {
    "type" : "json",
    "value" : "{\"resourceParams\":[{\"type\":\"resourceParams\",\"id\":\"13f35567-94f2-4f09-8e33-a78f581d1067\",\"value\":\"quote\",\"order\":14}],\"pathListParams\":[{\"type\":\"pathListParams\",\"id\":\"02d08c9e-316b-44b0-bbeb-9afe8ad729a9\",\"value\":null}],\"queryParams\":[\"symbol\"],\"headers\":[],\"url\":\"https://axway-appc-se-design.sandbox.ampint.axwaytest.net:9443/quote?symbol=\",\"resourcePath\":\"/quote?symbol=\",\"body\":null,\"status\":null,\"isAsync\":null,\"contentType\":null,\"pathParams\":[]}",
    "null" : false
  },
  "config_b2b_document_type_project_mode_id" : "112c1cb8-4b9e-4d1a-a042-0bd031dc7d05",
  "config_imap_project_mode_id" : "112c1cb8-4b9e-4d1a-a042-0bd031dc7d05",
  "config_java_service_project_mode_id" : "112c1cb8-4b9e-4d1a-a042-0bd031dc7d05",
  "config_plug_project_mode_id" : "112c1cb8-4b9e-4d1a-a042-0bd031dc7d05",
  "config_service_project_mode_id" : "112c1cb8-4b9e-4d1a-a042-0bd031dc7d05",
  "endpoint_project_mode_id" : "112c1cb8-4b9e-4d1a-a042-0bd031dc7d05",
  "service_project_mode_id" : "112c1cb8-4b9e-4d1a-a042-0bd031dc7d05",
  "parent_component_config_service_project_mode_id" : "112c1cb8-4b9e-4d1a-a042-0bd031dc7d05",
  "is_audit" : true,
  "keys_with_order" : null
}