{
  "component_config_id" : "19236cc5-a21f-4ff5-b0e2-09dd8d5cd20c",
  "endpoint_config_json" : {
    "type" : "jsonb",
    "value" : "{\"crossRef\": [], \"services\": [], \"multistep\": [], \"operations\": []}",
    "null" : false
  },
  "input_config_json" : {
    "type" : "jsonb",
    "value" : "{\"crossRef\": [], \"services\": [], \"multistep\": [], \"operations\": []}",
    "null" : false
  },
  "output_config_json" : {
    "type" : "jsonb",
    "value" : "{\"crossRef\": [], \"services\": [], \"multistep\": [], \"operations\": [{\"map\": {\"id\": \"bf7431ef-2560-4740-b66e-31b761432dc3\", \"root\": false, \"type\": \"map\", \"cached\": false, \"source\": \"/quoteOutput/response/c\", \"target\": \"/WatchlistItem/Price\", \"mapNull\": false, \"disabled\": false, \"extractXml\": false, \"extractJson\": false, \"targetOrder\": 5.0, \"mapEmptyString\": false, \"sourceJavaType\": \"java.lang.Float\", \"targetJavaType\": \"java.lang.Float\"}}, {\"map\": {\"id\": \"4ff1f4ed-1fe4-4ccc-9c16-73bedd9a0225\", \"root\": false, \"type\": \"map\", \"cached\": false, \"source\": \"/quoteOutput/response/d\", \"target\": \"/WatchlistItem/Change\", \"mapNull\": false, \"disabled\": false, \"extractXml\": false, \"extractJson\": false, \"targetOrder\": 6.0, \"mapEmptyString\": false, \"sourceJavaType\": \"java.lang.Float\", \"targetJavaType\": \"java.lang.Float\"}}, {\"map\": {\"id\": \"417a5b00-1c56-473d-ad7b-4b37a793da84\", \"root\": false, \"type\": \"map\", \"cached\": false, \"source\": \"/quoteOutput/response/dp\", \"target\": \"/WatchlistItem/ChangePercent\", \"mapNull\": false, \"disabled\": false, \"extractXml\": false, \"extractJson\": false, \"targetOrder\": 4.0, \"mapEmptyString\": false, \"sourceJavaType\": \"java.lang.Float\", \"targetJavaType\": \"java.lang.Float\"}}, {\"map\": {\"id\": \"66e345f1-2581-460b-9526-0bb532c094be\", \"root\": false, \"type\": \"map\", \"cached\": false, \"source\": \"/company-profile2Output/response/ticker\", \"target\": \"/WatchlistItem/Symbol\", \"mapNull\": false, \"disabled\": false, \"extractXml\": false, \"extractJson\": false, \"targetOrder\": 1.0, \"mapEmptyString\": false, \"sourceJavaType\": \"java.lang.String\", \"targetJavaType\": \"java.lang.String\"}}, {\"map\": {\"id\": \"0041fb74-f12a-47d5-aedb-a437bab67884\", \"root\": false, \"type\": \"map\", \"cached\": false, \"source\": \"/company-profile2Output/response/name\", \"target\": \"/WatchlistItem/Name\", \"mapNull\": false, \"disabled\": false, \"extractXml\": false, \"extractJson\": false, \"targetOrder\": 2.0, \"mapEmptyString\": false, \"sourceJavaType\": \"java.lang.String\", \"targetJavaType\": \"java.lang.String\"}}]}",
    "null" : false
  },
  "component_id" : "8ac5fe03-27a2-4e6a-a449-6a8893818223",
  "service_id" : "ba6fb867-511b-4b21-b91b-10fcc1fc8891",
  "endpoint_id" : null,
  "parent_component_config_id" : "64d030ba-b788-4392-a215-1e2e55df1b25",
  "component_config_order" : 2.0,
  "action_id" : "06843b78-eab0-45da-afab-8c8277d7553f",
  "name" : "Set watchlist item",
  "description" : "",
  "override_endpoint" : false,
  "input_structure_json" : {
    "type" : "jsonb",
    "value" : "{\"maps\": [], \"mappedNodes\": [\"/quoteOutput/response/c pipeIn\", \"/WatchlistItem/PricepipeOut\", \"/quoteOutput/response/d pipeIn\", \"/WatchlistItem/ChangepipeOut\", \"/quoteOutput/response/dp pipeIn\", \"/WatchlistItem/ChangePercentpipeOut\", \"/company-profile2Output/response/ticker pipeIn\", \"/WatchlistItem/SymbolpipeOut\", \"/company-profile2Output/response/name pipeIn\", \"/WatchlistItem/NamepipeOut\"]}",
    "null" : false
  },
  "output_structure_json" : {
    "type" : "jsonb",
    "value" : "{\"maps\": [{\"/WatchlistItem/Price\": [{\"type\": \"map\", \"source\": {\"path\": \"/quoteOutput/response/c\", \"title\": \"c\", \"dataElementType\": \"number\"}, \"target\": {\"path\": \"/WatchlistItem/Price\", \"order\": 5, \"title\": \"Price\", \"dataElementType\": \"number\"}, \"mapCondition\": {\"isConditionSet\": false, \"sourceTreeIndex\": [], \"targetTreeIndex\": [], \"mapConditionFormValue\": {}}}]}, {\"/WatchlistItem/Change\": [{\"type\": \"map\", \"source\": {\"path\": \"/quoteOutput/response/d\", \"title\": \"d\", \"dataElementType\": \"number\"}, \"target\": {\"path\": \"/WatchlistItem/Change\", \"order\": 6, \"title\": \"Change\", \"dataElementType\": \"number\"}, \"mapCondition\": {\"isConditionSet\": false, \"sourceTreeIndex\": [], \"targetTreeIndex\": [], \"mapConditionFormValue\": {}}}]}, {\"/WatchlistItem/ChangePercent\": [{\"type\": \"map\", \"source\": {\"path\": \"/quoteOutput/response/dp\", \"title\": \"dp\", \"dataElementType\": \"number\"}, \"target\": {\"path\": \"/WatchlistItem/ChangePercent\", \"order\": 4, \"title\": \"ChangePercent\", \"dataElementType\": \"number\"}, \"mapCondition\": {\"isConditionSet\": false, \"sourceTreeIndex\": [], \"targetTreeIndex\": [], \"mapConditionFormValue\": {}}}]}, {\"/WatchlistItem/Symbol\": [{\"type\": \"map\", \"source\": {\"path\": \"/company-profile2Output/response/ticker\", \"title\": \"ticker\", \"dataElementType\": \"string\"}, \"target\": {\"path\": \"/WatchlistItem/Symbol\", \"order\": 1, \"title\": \"Symbol\", \"dataElementType\": \"string\"}, \"mapCondition\": {\"isConditionSet\": false, \"sourceTreeIndex\": [], \"targetTreeIndex\": [], \"mapConditionFormValue\": {}}}]}, {\"/WatchlistItem/Name\": [{\"type\": \"map\", \"source\": {\"path\": \"/company-profile2Output/response/name\", \"title\": \"name\", \"dataElementType\": \"string\"}, \"target\": {\"path\": \"/WatchlistItem/Name\", \"order\": 2, \"title\": \"Name\", \"dataElementType\": \"string\"}, \"mapCondition\": {\"isConditionSet\": false, \"sourceTreeIndex\": [], \"targetTreeIndex\": [], \"mapConditionFormValue\": {}}}]}], \"tracks\": {}, \"transformer\": []}",
    "null" : false
  },
  "endpoint_structure_json" : {
    "type" : "jsonb",
    "value" : "{\"maps\": []}",
    "null" : false
  },
  "is_error" : false,
  "no_of_errors" : 0,
  "action_input_type" : null,
  "config_service_id" : null,
  "config_imap_id" : null,
  "config_b2b_document_type_id" : null,
  "config_document_id" : null,
  "add_variables" : {
    "type" : "jsonb",
    "value" : "[{\"id\": \"8ec34445-2036-4786-ac9c-88b16030556f\", \"key\": \"/WatchlistItem\", \"type\": \"reference\", \"order\": 2, \"title\": \"WatchlistItem\", \"value\": {\"type\": \"object\"}, \"isLeaf\": false, \"children\": [], \"editAllow\": true, \"hasChildren\": false, \"projectName\": \"LB_StockQuoteFH2\", \"referenceId\": \"c45fa848-dd47-4dbe-96bf-3fdd7f9edff6\", \"isChildrenSet\": false, \"dataObjectName\": \"Watchlist Item\", \"dataElementType\": \"document\", \"componentConfigId\": \"19236cc5-a21f-4ff5-b0e2-09dd8d5cd20c\", \"encryption_required\": false}]",
    "null" : false
  },
  "drop_variables" : {
    "type" : "jsonb",
    "value" : "[]",
    "null" : false
  },
  "plug_input_structure" : null,
  "plug_output_structure" : null,
  "config_plug_id" : null,
  "override_plug" : false,
  "config_java_service_id" : null,
  "service_tag" : "V14",
  "endpoint_tag" : null,
  "config_service_tag" : "",
  "config_imap_tag" : "",
  "config_b2b_document_type_tag" : "",
  "active" : false,
  "parent_component_config_service_tag" : "V14",
  "service_project_id" : "d15a3eea-56b1-4b22-8e37-6a178b5611d5",
  "service_project_tag" : "V14",
  "config_service_project_id" : null,
  "config_service_project_tag" : "",
  "config_imap_project_id" : null,
  "config_imap_project_tag" : "",
  "config_b2b_document_type_project_id" : null,
  "config_b2b_document_type_project_tag" : "",
  "endpoint_project_id" : null,
  "endpoint_project_tag" : null,
  "config_plug_tag" : null,
  "config_plug_project_id" : null,
  "config_plug_project_tag" : null,
  "config_java_service_tag" : "",
  "config_java_service_project_id" : null,
  "config_java_service_project_tag" : "",
  "disabled" : false,
  "config" : null,
  "config_b2b_document_type_project_mode_id" : "112c1cb8-4b9e-4d1a-a042-0bd031dc7d05",
  "config_imap_project_mode_id" : "112c1cb8-4b9e-4d1a-a042-0bd031dc7d05",
  "config_java_service_project_mode_id" : "112c1cb8-4b9e-4d1a-a042-0bd031dc7d05",
  "config_plug_project_mode_id" : "112c1cb8-4b9e-4d1a-a042-0bd031dc7d05",
  "config_service_project_mode_id" : "112c1cb8-4b9e-4d1a-a042-0bd031dc7d05",
  "endpoint_project_mode_id" : "112c1cb8-4b9e-4d1a-a042-0bd031dc7d05",
  "service_project_mode_id" : "112c1cb8-4b9e-4d1a-a042-0bd031dc7d05",
  "parent_component_config_service_project_mode_id" : "112c1cb8-4b9e-4d1a-a042-0bd031dc7d05",
  "is_audit" : true,
  "keys_with_order" : null
}