{
  "component_config_id" : "cde4d757-f8f4-4e5d-b7ee-e8765b73e7ee",
  "endpoint_config_json" : {
    "type" : "jsonb",
    "value" : "{\"crossRef\": [], \"services\": [], \"multistep\": [], \"operations\": []}",
    "null" : false
  },
  "input_config_json" : {
    "type" : "jsonb",
    "value" : "{\"crossRef\": [], \"services\": [], \"multistep\": [], \"operations\": [{\"map\": {\"id\": \"25647305-a71e-4e27-8330-0ee548af4ac8\", \"root\": false, \"type\": \"map\", \"cached\": false, \"source\": \"/watchlistserviceOutput/ResponseStatus\", \"target\": \"/HttpResponseInput/status\", \"mapNull\": false, \"disabled\": false, \"extractXml\": false, \"extractJson\": false, \"targetOrder\": 5.0, \"mapEmptyString\": false, \"sourceJavaType\": \"java.lang.String\", \"targetJavaType\": \"java.lang.Integer\"}}, {\"map\": {\"id\": \"7f05ea30-992f-4e79-92cc-0f9975c41d78\", \"root\": false, \"type\": \"map\", \"cached\": false, \"source\": \"/watchlistserviceOutput/ResponseBody\", \"target\": \"/HttpResponseInput/body\", \"mapNull\": false, \"disabled\": false, \"extractXml\": false, \"extractJson\": false, \"targetOrder\": 2.0, \"mapEmptyString\": false, \"targetJavaType\": \"java.lang.String\"}}, {\"map\": {\"id\": \"4683b141-4f10-4d95-8894-6d65ece01f8f\", \"root\": false, \"type\": \"setValue\", \"cached\": false, \"target\": \"/HttpResponseInput/headers/Content-Type\", \"mapNull\": false, \"disabled\": false, \"extractXml\": false, \"extractJson\": false, \"targetOrder\": 4.0, \"targetValue\": \"application/json\", \"mapEmptyString\": false, \"targetJavaType\": \"java.lang.String\", \"variableSubstitution\": false}}, {\"map\": {\"id\": \"6d8d2b43-e943-4f07-beee-521fab321499\", \"root\": false, \"type\": \"setValue\", \"cached\": false, \"target\": \"/HttpResponseInput/headers/Access-Control-Allow-Origin\", \"mapNull\": false, \"disabled\": false, \"extractXml\": false, \"extractJson\": false, \"targetOrder\": 1.0, \"targetValue\": \"*\", \"mapEmptyString\": false, \"targetJavaType\": \"java.lang.String\", \"variableSubstitution\": false}}]}",
    "null" : false
  },
  "output_config_json" : {
    "type" : "jsonb",
    "value" : "{\"crossRef\": [], \"services\": [], \"multistep\": [], \"operations\": []}",
    "null" : false
  },
  "component_id" : "6116e8c7-9c67-4086-a4e5-5b0fa60d9070",
  "service_id" : "c9546e28-f427-44f8-bb4e-5bfe0c0cfce9",
  "endpoint_id" : "821dac52-d02b-4b21-87d7-de02777e0cc1",
  "parent_component_config_id" : null,
  "component_config_order" : 1.0,
  "action_id" : "3c8179e3-0fd6-4fcb-a638-2417e4ca6eb8",
  "name" : "watch list endpoint",
  "description" : "",
  "override_endpoint" : false,
  "input_structure_json" : {
    "type" : "jsonb",
    "value" : "{\"maps\": [{\"/HttpResponseInput/headers/Content-Type\": [{\"type\": \"setValue\", \"target\": {\"path\": \"/HttpResponseInput/headers/Content-Type\", \"order\": 4, \"title\": \"Content-Type\", \"dataElementType\": \"string\"}, \"values\": [{\"id\": \"69c8be5d-984d-49ac-9d0e-76dfcec67512\", \"key\": \"/HttpResponseInput/headers/Content-Type\", \"type\": \"string\", \"order\": 4, \"title\": \"Content-Type\", \"isLeaf\": true, \"children\": [], \"setValue\": null, \"uiElement\": \"application/json\", \"isSetValue\": false, \"dataElementType\": \"string\"}], \"mapCondition\": {\"isConditionSet\": false, \"sourceTreeIndex\": [], \"targetTreeIndex\": [], \"mapConditionFormValue\": {}}, \"variableSubstitution\": false, \"overwritePipelineValue\": false}]}, {\"/HttpResponseInput/headers/Access-Control-Allow-Origin\": [{\"type\": \"setValue\", \"target\": {\"path\": \"/HttpResponseInput/headers/Access-Control-Allow-Origin\", \"order\": 1, \"title\": \"Access-Control-Allow-Origin\", \"dataElementType\": \"string\"}, \"values\": [{\"id\": \"8077f546-308a-480c-84d1-2a8362ab4f4d\", \"key\": \"/HttpResponseInput/headers/Access-Control-Allow-Origin\", \"type\": \"node\", \"order\": 1, \"title\": \"Access-Control-Allow-Origin\", \"children\": [], \"setValue\": null, \"editAllow\": true, \"uiElement\": \"*\", \"isSetValue\": false, \"dataElementType\": \"string\", \"componentConfigId\": \"cde4d757-f8f4-4e5d-b7ee-e8765b73e7ee\", \"componentConfigName\": \"HTTPSServer\"}], \"mapCondition\": {\"isConditionSet\": false, \"sourceTreeIndex\": [], \"targetTreeIndex\": [], \"mapConditionFormValue\": {}}, \"variableSubstitution\": false, \"overwritePipelineValue\": false}]}, {\"/HttpResponseInput/status\": [{\"type\": \"map\", \"source\": {\"path\": \"/watchlistserviceOutput/ResponseStatus\", \"title\": \"ResponseStatus\", \"dataElementType\": \"string\"}, \"target\": {\"path\": \"/HttpResponseInput/status\", \"order\": 5, \"title\": \"status\", \"dataElementType\": \"integer\"}, \"mapCondition\": {\"isConditionSet\": false, \"sourceTreeIndex\": [], \"targetTreeIndex\": [], \"mapConditionFormValue\": {}}}]}, {\"/HttpResponseInput/body\": [{\"type\": \"map\", \"source\": {\"path\": \"/watchlistserviceOutput/ResponseBody\", \"title\": \"ResponseBody\", \"dataElementType\": \"document\"}, \"target\": {\"path\": \"/HttpResponseInput/body\", \"order\": 2, \"title\": \"body\", \"dataElementType\": \"string\"}, \"mapCondition\": {\"isConditionSet\": false, \"sourceTreeIndex\": [], \"targetTreeIndex\": [], \"mapConditionFormValue\": {}}}]}], \"mappedNodes\": [\"/HttpResponseInput/headers/Content-Type actionIn\", \"/HttpResponseInput/headers actionIn\", \"/HttpResponseInput/headers/Access-Control-Allow-Origin actionIn\", \"/HttpResponseInput/headers actionIn\", \"/HttpResponseInput/headers actionIn\", \"/HttpResponseInput/headers actionIn\", \"/HttpResponseInput/headers actionIn\", \"/watchlistserviceOutput/ResponseStatus pipeIn\", \"/HttpResponseInput/status actionIn\", \"/watchlistserviceOutput/ResponseBody pipeIn\", \"/HttpResponseInput/body actionIn\"], \"addVariables\": [{\"id\": \"a88833a6-7849-452b-855a-a27398c66e45\", \"key\": \"/HttpResponseInput/headers/Access-Control-Allow-Origin\", \"type\": \"node\", \"order\": 1, \"title\": \"Access-Control-Allow-Origin\", \"value\": {\"type\": \"string\"}, \"children\": [], \"editAllow\": true, \"componentName\": \"watch list endpoint\", \"dataElementType\": \"string\", \"componentConfigId\": \"cde4d757-f8f4-4e5d-b7ee-e8765b73e7ee\", \"componentConfigName\": \"HTTPSServer\"}]}",
    "null" : false
  },
  "output_structure_json" : {
    "type" : "jsonb",
    "value" : "{\"maps\": [], \"tracks\": {}, \"transformer\": []}",
    "null" : false
  },
  "endpoint_structure_json" : {
    "type" : "jsonb",
    "value" : "{\"maps\": []}",
    "null" : false
  },
  "is_error" : false,
  "no_of_errors" : 0,
  "action_input_type" : null,
  "config_service_id" : null,
  "config_imap_id" : null,
  "config_b2b_document_type_id" : null,
  "config_document_id" : null,
  "add_variables" : {
    "type" : "jsonb",
    "value" : "[{\"id\": \"4052248a-7237-48e8-9a17-2a12df45794d\", \"key\": \"/HTTPSServerGetOutput\", \"type\": \"object\", \"title\": \"HTTPSServerGetOutput\", \"children\": [{\"id\": \"3a575a78-04e4-4975-ae5d-103ea284f54b\", \"key\": \"/HTTPSServerGetOutput/pathParams\", \"type\": \"object\", \"title\": \"pathParams\", \"children\": [], \"editAllow\": false, \"childrenSet\": false, \"hasChildren\": true, \"dataElementType\": \"document\", \"encryption_required\": false}, {\"id\": \"a84f0882-77b2-4712-ad54-9d41841878ef\", \"key\": \"/HTTPSServerGetOutput/queryParams\", \"type\": \"object\", \"title\": \"queryParams\", \"children\": [{\"key\": \"/HTTPSServerGetOutput/queryParams/symbols\", \"type\": \"node\", \"order\": 1.0, \"title\": \"symbols\", \"children\": [], \"editAllow\": false, \"childrenSet\": false, \"hasChildren\": false, \"dataElementType\": \"string\", \"encryption_required\": false}], \"editAllow\": false, \"childrenSet\": false, \"hasChildren\": true, \"dataElementType\": \"document\", \"encryption_required\": false}, {\"id\": \"0b8a47a9-f875-4efb-a537-37044560a74f\", \"key\": \"/HTTPSServerGetOutput/headers\", \"type\": \"object\", \"title\": \"headers\", \"children\": [], \"editAllow\": false, \"childrenSet\": false, \"hasChildren\": true, \"dataElementType\": \"document\", \"encryption_required\": false}], \"editAllow\": false, \"childrenSet\": false, \"hasChildren\": true, \"dataElementType\": \"document\", \"encryption_required\": false}]",
    "null" : false
  },
  "drop_variables" : {
    "type" : "jsonb",
    "value" : "[]",
    "null" : false
  },
  "plug_input_structure" : null,
  "plug_output_structure" : null,
  "config_plug_id" : null,
  "override_plug" : false,
  "config_java_service_id" : null,
  "service_tag" : "V14",
  "endpoint_tag" : "EMPTY",
  "config_service_tag" : "",
  "config_imap_tag" : "",
  "config_b2b_document_type_tag" : "",
  "active" : false,
  "parent_component_config_service_tag" : "V14",
  "service_project_id" : "d15a3eea-56b1-4b22-8e37-6a178b5611d5",
  "service_project_tag" : "V14",
  "config_service_project_id" : null,
  "config_service_project_tag" : "",
  "config_imap_project_id" : null,
  "config_imap_project_tag" : "",
  "config_b2b_document_type_project_id" : null,
  "config_b2b_document_type_project_tag" : "",
  "endpoint_project_id" : "d15a3eea-56b1-4b22-8e37-6a178b5611d5",
  "endpoint_project_tag" : "EMPTY",
  "config_plug_tag" : null,
  "config_plug_project_id" : null,
  "config_plug_project_tag" : null,
  "config_java_service_tag" : "",
  "config_java_service_project_id" : null,
  "config_java_service_project_tag" : "",
  "disabled" : false,
  "config" : {
    "type" : "json",
    "value" : "{\"resourceParams\":[{\"type\":\"resourceParams\",\"id\":\"228a37f3-4def-43fa-b243-0f4b41f862fb\",\"value\":\"watchlist\",\"order\":14}],\"pathListParams\":[{\"type\":\"pathListParams\",\"id\":\"c5316479-6381-413d-952c-f0133283a9e6\",\"value\":null}],\"queryParams\":[\"symbols\"],\"headers\":[],\"url\":\"https://axway-appc-se-design.sandbox.ampint.axwaytest.net:9443/watchlist?symbols=\",\"resourcePath\":\"/watchlist?symbols=\",\"body\":null,\"status\":null,\"isAsync\":null,\"contentType\":null,\"pathParams\":[]}",
    "null" : false
  },
  "config_b2b_document_type_project_mode_id" : "112c1cb8-4b9e-4d1a-a042-0bd031dc7d05",
  "config_imap_project_mode_id" : "112c1cb8-4b9e-4d1a-a042-0bd031dc7d05",
  "config_java_service_project_mode_id" : "112c1cb8-4b9e-4d1a-a042-0bd031dc7d05",
  "config_plug_project_mode_id" : "112c1cb8-4b9e-4d1a-a042-0bd031dc7d05",
  "config_service_project_mode_id" : "112c1cb8-4b9e-4d1a-a042-0bd031dc7d05",
  "endpoint_project_mode_id" : "112c1cb8-4b9e-4d1a-a042-0bd031dc7d05",
  "service_project_mode_id" : "112c1cb8-4b9e-4d1a-a042-0bd031dc7d05",
  "parent_component_config_service_project_mode_id" : "112c1cb8-4b9e-4d1a-a042-0bd031dc7d05",
  "is_audit" : true,
  "keys_with_order" : null
}